{
	"format_version": "1.12.0",
	"minecraft:geometry": [
		{
			"description": {
				"identifier": "geometry.unknown",
				"texture_width": 16,
				"texture_height": 16,
				"visible_bounds_width": 2,
				"visible_bounds_height": 2.5,
				"visible_bounds_offset": [0, 0.75, 0]
			},
			"bones": [
				{
					"name": "Root",
					"pivot": [0, 0, -0.5]
				},
				{
					"name": "MAllBody",
					"parent": "Root",
					"pivot": [0, 0, -0.5]
				},
				{
					"name": "AllBody",
					"parent": "MAllBody",
					"pivot": [0, 0, -0.5]
				},
				{
					"name": "UpBody",
					"parent": "AllBody",
					"pivot": [0, 0, -0.5]
				},
				{
					"name": "MUpperBody",
					"parent": "UpBody",
					"pivot": [0, 0, -0.5]
				},
				{
					"name": "UpperBody",
					"parent": "MUpperBody",
					"pivot": [0, 0, -0.5]
				},
				{
					"name": "AllHead",
					"parent": "UpperBody",
					"pivot": [0, 8.75, 0]
				},
				{
					"name": "MHead",
					"parent": "AllHead",
					"pivot": [0, 5.25, 0]
				},
				{
					"name": "Head",
					"parent": "MHead",
					"pivot": [-0.29537, 8.49897, 0.16792],
					"cubes": [
						{
							"origin": [1.53426, 6.66001, -4.56366],
							"size": [0.31053, 0.78371, 0.08379],
							"uv": {
								"north": {"uv": [0.75, 11.25], "uv_size": [-0.25, 0.25]},
								"east": {"uv": [1.25, 11.25], "uv_size": [-0.25, 0.25]},
								"south": {"uv": [1, 11.25], "uv_size": [-0.25, 0.25]},
								"west": {"uv": [11.5, 0.5], "uv_size": [-0.25, 0.25]},
								"up": {"uv": [1.5, 11.25], "uv_size": [-0.25, 0.25]},
								"down": {"uv": [11.5, 1.5], "uv_size": [-0.25, -0.25]}
							}
						},
						{
							"origin": [1.83, 6.56143, -4.56366],
							"size": [1.61671, 1.15339, 0.08379],
							"uv": {
								"north": {"uv": [10.75, 5.5], "uv_size": [-0.5, 0.25]},
								"east": {"uv": [11.5, 1.5], "uv_size": [-0.25, 0.25]},
								"south": {"uv": [10.75, 5.75], "uv_size": [-0.5, 0.25]},
								"west": {"uv": [1.75, 11.25], "uv_size": [-0.25, 0.25]},
								"up": {"uv": [10.75, 6], "uv_size": [-0.5, 0.25]},
								"down": {"uv": [10.75, 6.5], "uv_size": [-0.5, -0.25]}
							}
						},
						{
							"origin": [3.11154, 6.53678, -4.61295],
							"size": [0.1873, 0.88229, 0.05915],
							"uv": {
								"north": {"uv": [2, 11.25], "uv_size": [-0.25, 0.25]},
								"east": {"uv": [11.5, 2], "uv_size": [-0.25, 0.25]},
								"south": {"uv": [2.25, 11.25], "uv_size": [-0.25, 0.25]},
								"west": {"uv": [11.5, 1.75], "uv_size": [-0.25, 0.25]},
								"up": {"uv": [2.5, 11.25], "uv_size": [-0.25, 0.25]},
								"down": {"uv": [11.5, 2.5], "uv_size": [-0.25, -0.25]}
							}
						},
						{
							"origin": [2.74186, 6.66001, -4.61295],
							"size": [0.1873, 0.75907, 0.05915],
							"uv": {
								"north": {"uv": [2.75, 11.25], "uv_size": [-0.25, 0.25]},
								"east": {"uv": [11.5, 2.75], "uv_size": [-0.25, 0.25]},
								"south": {"uv": [3, 11.25], "uv_size": [-0.25, 0.25]},
								"west": {"uv": [11.5, 2.5], "uv_size": [-0.25, 0.25]},
								"up": {"uv": [3.25, 11.25], "uv_size": [-0.25, 0.25]},
								"down": {"uv": [11.5, 3.25], "uv_size": [-0.25, -0.25]}
							}
						},
						{
							"origin": [2.29825, 6.66001, -4.61295],
							"size": [0.1873, 0.75907, 0.05915],
							"uv": {
								"north": {"uv": [3.5, 11.25], "uv_size": [-0.25, 0.25]},
								"east": {"uv": [11.5, 3.5], "uv_size": [-0.25, 0.25]},
								"south": {"uv": [3.75, 11.25], "uv_size": [-0.25, 0.25]},
								"west": {"uv": [11.5, 3.25], "uv_size": [-0.25, 0.25]},
								"up": {"uv": [4, 11.25], "uv_size": [-0.25, 0.25]},
								"down": {"uv": [11.5, 4], "uv_size": [-0.25, -0.25]}
							}
						},
						{
							"origin": [1.90393, 6.78323, -4.61295],
							"size": [0.1873, 0.56191, 0.05915],
							"uv": {
								"north": {"uv": [4.25, 11.25], "uv_size": [-0.25, 0.25]},
								"east": {"uv": [5, 11.25], "uv_size": [-0.25, 0.25]},
								"south": {"uv": [4.75, 11.25], "uv_size": [-0.25, 0.25]},
								"west": {"uv": [4.5, 11.25], "uv_size": [-0.25, 0.25]},
								"up": {"uv": [5.25, 11.25], "uv_size": [-0.25, 0.25]},
								"down": {"uv": [5.5, 11.5], "uv_size": [-0.25, -0.25]}
							}
						},
						{
							"origin": [2.00251, 6.26569, -4.56366],
							"size": [1.666, 0.41404, 0.08379],
							"uv": {
								"north": {"uv": [10.75, 6.5], "uv_size": [-0.5, 0.25]},
								"east": {"uv": [11.5, 5.5], "uv_size": [-0.25, 0.25]},
								"south": {"uv": [10.75, 6.75], "uv_size": [-0.5, 0.25]},
								"west": {"uv": [5.75, 11.25], "uv_size": [-0.25, 0.25]},
								"up": {"uv": [10.75, 8.25], "uv_size": [-0.5, 0.25]},
								"down": {"uv": [10.75, 8.75], "uv_size": [-0.5, -0.25]}
							}
						},
						{
							"origin": [3.40728, 6.66001, -4.56366],
							"size": [0.48304, 0.73442, 0.08379],
							"uv": {
								"north": {"uv": [6, 11.25], "uv_size": [-0.25, 0.25]},
								"east": {"uv": [11.5, 6], "uv_size": [-0.25, 0.25]},
								"south": {"uv": [6.25, 11.25], "uv_size": [-0.25, 0.25]},
								"west": {"uv": [11.5, 5.75], "uv_size": [-0.25, 0.25]},
								"up": {"uv": [6.5, 11.25], "uv_size": [-0.25, 0.25]},
								"down": {"uv": [11.5, 6.5], "uv_size": [-0.25, -0.25]}
							}
						},
						{
							"origin": [-2.49478, 6.66001, -4.56366],
							"size": [0.31053, 0.78371, 0.08379],
							"uv": {
								"north": {"uv": [0.5, 11.25], "uv_size": [0.25, 0.25]},
								"east": {"uv": [11.25, 0.5], "uv_size": [0.25, 0.25]},
								"south": {"uv": [0.75, 11.25], "uv_size": [0.25, 0.25]},
								"west": {"uv": [1, 11.25], "uv_size": [0.25, 0.25]},
								"up": {"uv": [1.25, 11.25], "uv_size": [0.25, 0.25]},
								"down": {"uv": [11.25, 1.5], "uv_size": [0.25, -0.25]}
							}
						},
						{
							"origin": [-4.09671, 6.56143, -4.56366],
							"size": [1.61671, 1.15339, 0.08379],
							"uv": {
								"north": {"uv": [10.25, 5.5], "uv_size": [0.5, 0.25]},
								"east": {"uv": [1.5, 11.25], "uv_size": [0.25, 0.25]},
								"south": {"uv": [10.25, 5.75], "uv_size": [0.5, 0.25]},
								"west": {"uv": [11.25, 1.5], "uv_size": [0.25, 0.25]},
								"up": {"uv": [10.25, 6], "uv_size": [0.5, 0.25]},
								"down": {"uv": [10.25, 6.5], "uv_size": [0.5, -0.25]}
							}
						},
						{
							"origin": [-3.94884, 6.53678, -4.61295],
							"size": [0.1873, 0.88229, 0.05915],
							"uv": {
								"north": {"uv": [1.75, 11.25], "uv_size": [0.25, 0.25]},
								"east": {"uv": [11.25, 1.75], "uv_size": [0.25, 0.25]},
								"south": {"uv": [2, 11.25], "uv_size": [0.25, 0.25]},
								"west": {"uv": [11.25, 2], "uv_size": [0.25, 0.25]},
								"up": {"uv": [2.25, 11.25], "uv_size": [0.25, 0.25]},
								"down": {"uv": [11.25, 2.5], "uv_size": [0.25, -0.25]}
							}
						},
						{
							"origin": [-3.57916, 6.66001, -4.61295],
							"size": [0.1873, 0.75907, 0.05915],
							"uv": {
								"north": {"uv": [2.5, 11.25], "uv_size": [0.25, 0.25]},
								"east": {"uv": [11.25, 2.5], "uv_size": [0.25, 0.25]},
								"south": {"uv": [2.75, 11.25], "uv_size": [0.25, 0.25]},
								"west": {"uv": [11.25, 2.75], "uv_size": [0.25, 0.25]},
								"up": {"uv": [3, 11.25], "uv_size": [0.25, 0.25]},
								"down": {"uv": [11.25, 3.25], "uv_size": [0.25, -0.25]}
							}
						},
						{
							"origin": [-3.13555, 6.66001, -4.61295],
							"size": [0.1873, 0.75907, 0.05915],
							"uv": {
								"north": {"uv": [3.25, 11.25], "uv_size": [0.25, 0.25]},
								"east": {"uv": [11.25, 3.25], "uv_size": [0.25, 0.25]},
								"south": {"uv": [3.5, 11.25], "uv_size": [0.25, 0.25]},
								"west": {"uv": [11.25, 3.5], "uv_size": [0.25, 0.25]},
								"up": {"uv": [3.75, 11.25], "uv_size": [0.25, 0.25]},
								"down": {"uv": [11.25, 4], "uv_size": [0.25, -0.25]}
							}
						},
						{
							"origin": [-2.74123, 6.78323, -4.61295],
							"size": [0.1873, 0.56191, 0.05915],
							"uv": {
								"north": {"uv": [4, 11.25], "uv_size": [0.25, 0.25]},
								"east": {"uv": [4.25, 11.25], "uv_size": [0.25, 0.25]},
								"south": {"uv": [4.5, 11.25], "uv_size": [0.25, 0.25]},
								"west": {"uv": [4.75, 11.25], "uv_size": [0.25, 0.25]},
								"up": {"uv": [5, 11.25], "uv_size": [0.25, 0.25]},
								"down": {"uv": [5.25, 11.5], "uv_size": [0.25, -0.25]}
							}
						},
						{
							"origin": [-4.31851, 6.26569, -4.56366],
							"size": [1.666, 0.41404, 0.08379],
							"uv": {
								"north": {"uv": [10.25, 6.5], "uv_size": [0.5, 0.25]},
								"east": {"uv": [5.5, 11.25], "uv_size": [0.25, 0.25]},
								"south": {"uv": [10.25, 6.75], "uv_size": [0.5, 0.25]},
								"west": {"uv": [11.25, 5.5], "uv_size": [0.25, 0.25]},
								"up": {"uv": [10.25, 8.25], "uv_size": [0.5, 0.25]},
								"down": {"uv": [10.25, 8.75], "uv_size": [0.5, -0.25]}
							}
						},
						{
							"origin": [-4.54032, 6.66001, -4.56366],
							"size": [0.48304, 0.73442, 0.08379],
							"uv": {
								"north": {"uv": [5.75, 11.25], "uv_size": [0.25, 0.25]},
								"east": {"uv": [11.25, 5.75], "uv_size": [0.25, 0.25]},
								"south": {"uv": [6, 11.25], "uv_size": [0.25, 0.25]},
								"west": {"uv": [11.25, 6], "uv_size": [0.25, 0.25]},
								"up": {"uv": [6.25, 11.25], "uv_size": [0.25, 0.25]},
								"down": {"uv": [11.25, 6.5], "uv_size": [0.25, -0.25]}
							}
						},
						{
							"origin": [-3.25, 12, -3],
							"size": [6, 1.5, 6.25],
							"uv": {
								"north": {"uv": [0.25, 9.75], "uv_size": [1.5, 0.25]},
								"east": {"uv": [9.75, 1.25], "uv_size": [1.5, 0.25]},
								"south": {"uv": [9.75, 1.5], "uv_size": [1.5, 0.25]},
								"west": {"uv": [9.75, 1.75], "uv_size": [1.5, 0.25]},
								"up": {"uv": [0, 6.25], "uv_size": [1.5, 1.5]},
								"down": {"uv": [3.75, 8.75], "uv_size": [1.5, -1.5]}
							}
						},
						{
							"origin": [-4.5, 11.5, -3.75],
							"size": [8.5, 1.25, 7.75],
							"uv": {
								"north": {"uv": [9.5, 4], "uv_size": [2.25, 0.25]},
								"east": {"uv": [9.5, 5], "uv_size": [2, 0.25]},
								"south": {"uv": [9.5, 4.25], "uv_size": [2.25, 0.25]},
								"west": {"uv": [9.5, 5.25], "uv_size": [2, 0.25]},
								"up": {"uv": [0, 0], "uv_size": [2.25, 2]},
								"down": {"uv": [0, 4], "uv_size": [2.25, -2]}
							}
						},
						{
							"origin": [-4.5, 5.5, -4.5],
							"size": [8.5, 6.5, 9],
							"uv": {
								"north": {"uv": [6.25, 4.5], "uv_size": [2, 1.5]},
								"east": {"uv": [1.75, 4.5], "uv_size": [2.25, 1.5]},
								"south": {"uv": [6.25, 6], "uv_size": [2, 1.5]},
								"west": {"uv": [4, 5.75], "uv_size": [2.25, 1.5]},
								"up": {"uv": [2.25, 0], "uv_size": [2, 2.25]},
								"down": {"uv": [2.25, 4.5], "uv_size": [2, -2.25]}
							}
						},
						{
							"origin": [-4.25, 5, -3.5],
							"size": [8.25, 0.75, 7.25],
							"uv": {
								"north": {"uv": [9.5, 4.5], "uv_size": [2, 0.25]},
								"east": {"uv": [9.5, 7.75], "uv_size": [1.75, 0.25]},
								"south": {"uv": [9.5, 4.75], "uv_size": [2, 0.25]},
								"west": {"uv": [9.5, 8], "uv_size": [1.75, 0.25]},
								"up": {"uv": [4.25, 2.25], "uv_size": [2, 1.75]},
								"down": {"uv": [4.25, 5.75], "uv_size": [2, -1.75]}
							}
						},
						{
							"origin": [-3.75, 5, -4.5],
							"size": [6.75, 0.5, 9],
							"uv": {
								"north": {"uv": [6.75, 9.5], "uv_size": [1.75, 0.25]},
								"east": {"uv": [9.25, 0.75], "uv_size": [2.25, 0.25]},
								"south": {"uv": [9.5, 7.5], "uv_size": [1.75, 0.25]},
								"west": {"uv": [9.25, 1], "uv_size": [2.25, 0.25]},
								"up": {"uv": [0, 4], "uv_size": [1.75, 2.25]},
								"down": {"uv": [4.25, 2.25], "uv_size": [1.75, -2.25]}
							}
						},
						{
							"origin": [-6, 6.9, -2],
							"size": [0.5, 3.75, 4],
							"uv": {
								"north": {"uv": [10, 8.25], "uv_size": [0.25, 0.75]},
								"east": {"uv": [0, 9], "uv_size": [1, 0.75]},
								"south": {"uv": [10, 9], "uv_size": [0.25, 0.75]},
								"west": {"uv": [1, 9], "uv_size": [1, 0.75]},
								"up": {"uv": [7.25, 9.75], "uv_size": [0.25, 1]},
								"down": {"uv": [7.5, 10.75], "uv_size": [0.25, -1]}
							}
						},
						{
							"origin": [-5.5, 6.4, -2.5],
							"size": [0.5, 5.25, 5],
							"uv": {
								"north": {"uv": [3.25, 9.75], "uv_size": [0.25, 1.25]},
								"east": {"uv": [7.75, 7.5], "uv_size": [1.25, 1.25]},
								"south": {"uv": [3.5, 9.75], "uv_size": [0.25, 1.25]},
								"west": {"uv": [8, 0], "uv_size": [1.25, 1.25]},
								"up": {"uv": [3.75, 9.75], "uv_size": [0.25, 1.25]},
								"down": {"uv": [4, 11], "uv_size": [0.25, -1.25]}
							}
						},
						{
							"origin": [4.925, 7.25, -2],
							"size": [0.6, 3.25, 4],
							"uv": {
								"north": {"uv": [10, 5.5], "uv_size": [0.25, 0.75]},
								"east": {"uv": [7.5, 8.75], "uv_size": [1, 0.75]},
								"south": {"uv": [10, 6.25], "uv_size": [0.25, 0.75]},
								"west": {"uv": [8.5, 8.75], "uv_size": [1, 0.75]},
								"up": {"uv": [6.75, 9.75], "uv_size": [0.25, 1]},
								"down": {"uv": [7, 10.75], "uv_size": [0.25, -1]}
							}
						},
						{
							"origin": [4.5, 6.25, -2.5],
							"size": [0.5, 5.25, 5],
							"uv": {
								"north": {"uv": [1.5, 6.25], "uv_size": [0.25, 1.25]},
								"east": {"uv": [6.5, 7.5], "uv_size": [1.25, 1.25]},
								"south": {"uv": [1.25, 7.75], "uv_size": [0.25, 1.25]},
								"west": {"uv": [0, 7.75], "uv_size": [1.25, 1.25]},
								"up": {"uv": [9.75, 2], "uv_size": [0.25, 1.25]},
								"down": {"uv": [3, 11], "uv_size": [0.25, -1.25]}
							}
						},
						{
							"origin": [-5, 5.5, -3.75],
							"size": [0.75, 6.8, 7.5],
							"uv": {
								"north": {"uv": [9.25, 9.5], "uv_size": [0.25, 1.5]},
								"east": {"uv": [6.25, 1.5], "uv_size": [2, 1.5]},
								"south": {"uv": [0, 9.75], "uv_size": [0.25, 1.5]},
								"west": {"uv": [6.25, 3], "uv_size": [2, 1.5]},
								"up": {"uv": [9.5, 5.5], "uv_size": [0.25, 2]},
								"down": {"uv": [6.5, 11.5], "uv_size": [0.25, -2]}
							}
						},
						{
							"origin": [3.75, 5.5, -3.75],
							"size": [0.75, 6.8, 7.5],
							"uv": {
								"north": {"uv": [9.5, 8.25], "uv_size": [0.25, 1.5]},
								"east": {"uv": [6, 0], "uv_size": [2, 1.5]},
								"south": {"uv": [8.5, 9.5], "uv_size": [0.25, 1.5]},
								"west": {"uv": [1.75, 6], "uv_size": [2, 1.5]},
								"up": {"uv": [2.5, 9], "uv_size": [0.25, 2]},
								"down": {"uv": [6.25, 11], "uv_size": [0.25, -2]}
							}
						}
					]
				},
				{
					"name": "LeftShoulderLocator",
					"parent": "Head",
					"pivot": [1.75, 13.75, -1.75]
				},
				{
					"name": "RightShoulderLocator",
					"parent": "Head",
					"pivot": [-2.5, 13.75, -0.5]
				},
				{
					"name": "RightEar",
					"parent": "Head",
					"pivot": [-1.84954, 13.44, 0.1275],
					"cubes": [
						{
							"origin": [-2.5706, 19.343, 0.125],
							"size": [1.025, 0.45, 0.175],
							"pivot": [-2.0456, 22.718, -0.225],
							"rotation": [0, 0, -2.5],
							"uv": {
								"north": {"uv": [7.25, 11], "uv_size": [0.25, 0.25]},
								"east": {"uv": [11, 7.25], "uv_size": [0.25, 0.25]},
								"south": {"uv": [7.5, 11], "uv_size": [0.25, 0.25]},
								"west": {"uv": [7.75, 11], "uv_size": [0.25, 0.25]},
								"up": {"uv": [8, 11], "uv_size": [0.25, 0.25]},
								"down": {"uv": [8.25, 11.25], "uv_size": [0.25, -0.25]}
							}
						},
						{
							"origin": [-2.80097, 18.89343, 0.05],
							"size": [1.525, 0.45, 0.35],
							"pivot": [-2.02597, 22.26843, -0.225],
							"rotation": [0, 0, -2.5],
							"uv": {
								"north": {"uv": [8.25, 7.25], "uv_size": [0.5, 0.25]},
								"east": {"uv": [7, 11], "uv_size": [0.25, 0.25]},
								"south": {"uv": [2.75, 8.5], "uv_size": [0.5, 0.25]},
								"west": {"uv": [11, 7], "uv_size": [0.25, 0.25]},
								"up": {"uv": [3.25, 8.5], "uv_size": [0.5, 0.25]},
								"down": {"uv": [10, 3], "uv_size": [0.5, -0.25]}
							}
						},
						{
							"origin": [-2.55097, 18.89343, -0.075],
							"size": [1, 0.425, 0.15],
							"pivot": [-2.02597, 22.26843, -0.225],
							"rotation": [0, 0, -2.5],
							"uv": {
								"north": {"uv": [1.75, 11.75], "uv_size": [0.25, 0.25]},
								"east": {"uv": [11.75, 1.75], "uv_size": [0.25, 0.25]},
								"south": {"uv": [2, 11.75], "uv_size": [0.25, 0.25]},
								"west": {"uv": [11.75, 2], "uv_size": [0.25, 0.25]},
								"up": {"uv": [2.25, 11.75], "uv_size": [0.25, 0.25]},
								"down": {"uv": [11.75, 2.5], "uv_size": [0.25, -0.25]}
							}
						},
						{
							"origin": [-2.725, 13, -0.1],
							"size": [1.9, 5.9, 0.65],
							"pivot": [-1.775, 16.375, -0.225],
							"rotation": [0, 0, -2.5],
							"uv": {
								"north": {"uv": [2, 9], "uv_size": [0.5, 1.5]},
								"east": {"uv": [8.75, 9.5], "uv_size": [0.25, 1.5]},
								"south": {"uv": [5.25, 9], "uv_size": [0.5, 1.5]},
								"west": {"uv": [9, 9.5], "uv_size": [0.25, 1.5]},
								"up": {"uv": [2.75, 8.25], "uv_size": [0.5, 0.25]},
								"down": {"uv": [3.25, 8.5], "uv_size": [0.5, -0.25]}
							}
						},
						{
							"origin": [-2.425, 13, -0.125],
							"size": [1.3, 5.9, 0.2],
							"pivot": [-1.775, 16.375, -0.225],
							"rotation": [0, 0, -2.5],
							"uv": {
								"north": {"uv": [11.75, 0.25], "uv_size": [0.25, 1.5]},
								"east": {"uv": [0.5, 11.75], "uv_size": [0.25, 1.5]},
								"south": {"uv": [0.75, 11.75], "uv_size": [0.25, 1.5]},
								"west": {"uv": [1, 11.75], "uv_size": [0.25, 1.5]},
								"up": {"uv": [1.25, 11.75], "uv_size": [0.25, 0.25]},
								"down": {"uv": [1.5, 12], "uv_size": [0.25, -0.25]}
							}
						}
					]
				},
				{
					"name": "LeftEar",
					"parent": "Head",
					"pivot": [1.09954, 13.44, 0.1275],
					"cubes": [
						{
							"origin": [0.7956, 19.343, 0.125],
							"size": [1.025, 0.45, 0.175],
							"pivot": [1.2956, 22.718, -0.225],
							"rotation": [0, 0, 2.5],
							"uv": {
								"north": {"uv": [7.5, 11], "uv_size": [-0.25, 0.25]},
								"east": {"uv": [8, 11], "uv_size": [-0.25, 0.25]},
								"south": {"uv": [7.75, 11], "uv_size": [-0.25, 0.25]},
								"west": {"uv": [11.25, 7.25], "uv_size": [-0.25, 0.25]},
								"up": {"uv": [8.25, 11], "uv_size": [-0.25, 0.25]},
								"down": {"uv": [8.5, 11.25], "uv_size": [-0.25, -0.25]}
							}
						},
						{
							"origin": [0.52597, 18.89343, 0.05],
							"size": [1.525, 0.45, 0.35],
							"pivot": [1.27597, 22.26843, -0.225],
							"rotation": [0, 0, 2.5],
							"uv": {
								"north": {"uv": [8.75, 7.25], "uv_size": [-0.5, 0.25]},
								"east": {"uv": [11.25, 7], "uv_size": [-0.25, 0.25]},
								"south": {"uv": [3.25, 8.5], "uv_size": [-0.5, 0.25]},
								"west": {"uv": [7.25, 11], "uv_size": [-0.25, 0.25]},
								"up": {"uv": [3.75, 8.5], "uv_size": [-0.5, 0.25]},
								"down": {"uv": [10.5, 3], "uv_size": [-0.5, -0.25]}
							}
						},
						{
							"origin": [0.80097, 18.89343, -0.075],
							"size": [1, 0.425, 0.15],
							"pivot": [1.27597, 22.26843, -0.225],
							"rotation": [0, 0, 2.5],
							"uv": {
								"north": {"uv": [2, 11.75], "uv_size": [-0.25, 0.25]},
								"east": {"uv": [12, 2], "uv_size": [-0.25, 0.25]},
								"south": {"uv": [2.25, 11.75], "uv_size": [-0.25, 0.25]},
								"west": {"uv": [12, 1.75], "uv_size": [-0.25, 0.25]},
								"up": {"uv": [2.5, 11.75], "uv_size": [-0.25, 0.25]},
								"down": {"uv": [12, 2.5], "uv_size": [-0.25, -0.25]}
							}
						},
						{
							"origin": [0.075, 13, -0.1],
							"size": [1.9, 5.9, 0.65],
							"pivot": [1.025, 16.375, -0.225],
							"rotation": [0, 0, 2.5],
							"uv": {
								"north": {"uv": [2.5, 9], "uv_size": [-0.5, 1.5]},
								"east": {"uv": [9.25, 9.5], "uv_size": [-0.25, 1.5]},
								"south": {"uv": [5.75, 9], "uv_size": [-0.5, 1.5]},
								"west": {"uv": [9, 9.5], "uv_size": [-0.25, 1.5]},
								"up": {"uv": [3.25, 8.25], "uv_size": [-0.5, 0.25]},
								"down": {"uv": [3.75, 8.5], "uv_size": [-0.5, -0.25]}
							}
						},
						{
							"origin": [0.375, 13, -0.125],
							"size": [1.3, 5.9, 0.2],
							"pivot": [1.025, 16.375, -0.225],
							"rotation": [0, 0, 2.5],
							"uv": {
								"north": {"uv": [12, 0.25], "uv_size": [-0.25, 1.5]},
								"east": {"uv": [1.25, 11.75], "uv_size": [-0.25, 1.5]},
								"south": {"uv": [1, 11.75], "uv_size": [-0.25, 1.5]},
								"west": {"uv": [0.75, 11.75], "uv_size": [-0.25, 1.5]},
								"up": {"uv": [1.5, 11.75], "uv_size": [-0.25, 0.25]},
								"down": {"uv": [1.75, 12], "uv_size": [-0.25, -0.25]}
							}
						}
					]
				},
				{
					"name": "Face",
					"parent": "Head",
					"pivot": [-0.25, 8, -4.5]
				},
				{
					"name": "Mouth",
					"parent": "Face",
					"pivot": [-0.36575, 6.79969, -4.5255],
					"cubes": [
						{
							"origin": [0.06741, 6.59839, -4.568],
							"size": [0.215, 0.42, 0.085],
							"pivot": [0.17491, 6.78339, -4.5255],
							"rotation": [0, 0, -90],
							"uv": {
								"north": {"uv": [10.75, 5.75], "uv_size": [0.25, 0.25]},
								"east": {"uv": [6, 10.75], "uv_size": [0.25, 0.25]},
								"south": {"uv": [10.75, 6], "uv_size": [0.25, 0.25]},
								"west": {"uv": [10.75, 6.25], "uv_size": [0.25, 0.25]},
								"up": {"uv": [10.75, 6.5], "uv_size": [0.25, 0.25]},
								"down": {"uv": [6.75, 11], "uv_size": [0.25, -0.25]}
							}
						},
						{
							"origin": [-0.358, 6.635, -4.568],
							"size": [0.215, 0.47, 0.085],
							"pivot": [-0.2505, 6.9575, -4.5255],
							"rotation": [0, 0, -52.5],
							"uv": {
								"north": {"uv": [10.75, 6.75], "uv_size": [0.25, 0.25]},
								"east": {"uv": [7, 10.75], "uv_size": [0.25, 0.25]},
								"south": {"uv": [10.75, 7], "uv_size": [0.25, 0.25]},
								"west": {"uv": [7.25, 10.75], "uv_size": [0.25, 0.25]},
								"up": {"uv": [10.75, 7.25], "uv_size": [0.25, 0.25]},
								"down": {"uv": [7.5, 11], "uv_size": [0.25, -0.25]}
							}
						},
						{
							"origin": [0.28481, 6.69957, -4.568],
							"size": [0.215, 0.42, 0.085],
							"pivot": [0.39231, 6.90957, -4.5255],
							"rotation": [0, 0, -145],
							"uv": {
								"north": {"uv": [7.75, 10.75], "uv_size": [0.25, 0.25]},
								"east": {"uv": [8, 10.75], "uv_size": [0.25, 0.25]},
								"south": {"uv": [8.25, 10.75], "uv_size": [0.25, 0.25]},
								"west": {"uv": [10.75, 8.25], "uv_size": [0.25, 0.25]},
								"up": {"uv": [10.75, 8.5], "uv_size": [0.25, 0.25]},
								"down": {"uv": [10.75, 9], "uv_size": [0.25, -0.25]}
							}
						},
						{
							"origin": [-1.17481, 6.69957, -4.568],
							"size": [0.215, 0.42, 0.085],
							"pivot": [-1.06731, 6.90957, -4.5255],
							"rotation": [0, 0, 145],
							"uv": {
								"north": {"uv": [4.75, 10.75], "uv_size": [0.25, 0.25]},
								"east": {"uv": [5, 10.75], "uv_size": [0.25, 0.25]},
								"south": {"uv": [5.25, 10.75], "uv_size": [0.25, 0.25]},
								"west": {"uv": [5.5, 10.75], "uv_size": [0.25, 0.25]},
								"up": {"uv": [10.75, 5.5], "uv_size": [0.25, 0.25]},
								"down": {"uv": [5.75, 11], "uv_size": [0.25, -0.25]}
							}
						},
						{
							"origin": [-0.42571, 6.08299, -4.568],
							"size": [0.215, 0.42, 0.085],
							"pivot": [-0.31821, 6.31799, -4.5255],
							"rotation": [0, 0, 105],
							"uv": {
								"north": {"uv": [11, 9], "uv_size": [0.25, 0.25]},
								"east": {"uv": [9.25, 11], "uv_size": [0.25, 0.25]},
								"south": {"uv": [11, 9.25], "uv_size": [0.25, 0.25]},
								"west": {"uv": [9.5, 11], "uv_size": [0.25, 0.25]},
								"up": {"uv": [11, 9.5], "uv_size": [0.25, 0.25]},
								"down": {"uv": [9.75, 11.25], "uv_size": [0.25, -0.25]}
							}
						},
						{
							"origin": [-0.68241, 6.29839, -4.568],
							"size": [0.215, 0.47, 0.085],
							"pivot": [-0.57491, 6.53339, -4.5255],
							"rotation": [0, 0, 155],
							"uv": {
								"north": {"uv": [11, 8.25], "uv_size": [0.25, 0.25]},
								"east": {"uv": [8.5, 11], "uv_size": [0.25, 0.25]},
								"south": {"uv": [11, 8.5], "uv_size": [0.25, 0.25]},
								"west": {"uv": [8.75, 11], "uv_size": [0.25, 0.25]},
								"up": {"uv": [11, 8.75], "uv_size": [0.25, 0.25]},
								"down": {"uv": [9, 11.25], "uv_size": [0.25, -0.25]}
							}
						},
						{
							"origin": [-0.95741, 6.59839, -4.568],
							"size": [0.215, 0.42, 0.085],
							"pivot": [-0.84991, 6.78339, -4.5255],
							"rotation": [0, 0, 90],
							"uv": {
								"north": {"uv": [10.75, 2.5], "uv_size": [0.25, 0.25]},
								"east": {"uv": [10.75, 2.75], "uv_size": [0.25, 0.25]},
								"south": {"uv": [10.75, 3], "uv_size": [0.25, 0.25]},
								"west": {"uv": [10.75, 3.25], "uv_size": [0.25, 0.25]},
								"up": {"uv": [10.75, 3.5], "uv_size": [0.25, 0.25]},
								"down": {"uv": [10.75, 4], "uv_size": [0.25, -0.25]}
							}
						},
						{
							"origin": [-0.532, 6.635, -4.568],
							"size": [0.215, 0.47, 0.085],
							"pivot": [-0.4245, 6.9575, -4.5255],
							"rotation": [0, 0, 52.5],
							"uv": {
								"north": {"uv": [10.75, 0.25], "uv_size": [0.25, 0.25]},
								"east": {"uv": [10.75, 0.5], "uv_size": [0.25, 0.25]},
								"south": {"uv": [2, 10.75], "uv_size": [0.25, 0.25]},
								"west": {"uv": [10.75, 2], "uv_size": [0.25, 0.25]},
								"up": {"uv": [2.25, 10.75], "uv_size": [0.25, 0.25]},
								"down": {"uv": [10.75, 2.5], "uv_size": [0.25, -0.25]}
							}
						},
						{
							"origin": [-0.582, 6.885, -4.568],
							"size": [0.465, 0.52, 0.085],
							"uv": {
								"north": {"uv": [10.5, 7], "uv_size": [0.25, 0.25]},
								"east": {"uv": [10.5, 7.25], "uv_size": [0.25, 0.25]},
								"south": {"uv": [9.75, 10.5], "uv_size": [0.25, 0.25]},
								"west": {"uv": [10, 10.5], "uv_size": [0.25, 0.25]},
								"up": {"uv": [10.25, 10.5], "uv_size": [0.25, 0.25]},
								"down": {"uv": [10.5, 10.75], "uv_size": [0.25, -0.25]}
							}
						}
					]
				},
				{
					"name": "Eyes",
					"parent": "Face",
					"pivot": [-0.25, 9, -4.5]
				},
				{
					"name": "Eyebrow",
					"parent": "Eyes",
					"pivot": [0, 10.5, -4.5]
				},
				{
					"name": "Rightbrow",
					"parent": "Eyebrow",
					"pivot": [-2.86454, 10.13392, -4.51045],
					"cubes": [
						{
							"origin": [-4.04654, 9.54894, -4.5487],
							"size": [1.106, 0.273, 0.0765],
							"pivot": [-3.31854, 9.68544, -4.51045],
							"rotation": [0, 0, -72.5],
							"uv": {
								"north": {"uv": [4, 11.5], "uv_size": [0.25, 0.25]},
								"east": {"uv": [4.25, 11.5], "uv_size": [0.25, 0.25]},
								"south": {"uv": [4.5, 11.5], "uv_size": [0.25, 0.25]},
								"west": {"uv": [11.5, 4.5], "uv_size": [0.25, 0.25]},
								"up": {"uv": [4.75, 11.5], "uv_size": [0.25, 0.25]},
								"down": {"uv": [11.5, 5], "uv_size": [0.25, -0.25]}
							}
						},
						{
							"origin": [-3.27646, 9.93632, -4.5487],
							"size": [0.756, 0.273, 0.0765],
							"pivot": [-3.14846, 10.07282, -4.51045],
							"rotation": [0, 0, -42.5],
							"uv": {
								"north": {"uv": [3.25, 11.5], "uv_size": [0.25, 0.25]},
								"east": {"uv": [11.5, 3.25], "uv_size": [0.25, 0.25]},
								"south": {"uv": [3.5, 11.5], "uv_size": [0.25, 0.25]},
								"west": {"uv": [11.5, 3.5], "uv_size": [0.25, 0.25]},
								"up": {"uv": [3.75, 11.5], "uv_size": [0.25, 0.25]},
								"down": {"uv": [11.5, 4], "uv_size": [0.25, -0.25]}
							}
						},
						{
							"origin": [-2.77338, 10.57341, -4.5487],
							"size": [1.006, 0.273, 0.0765],
							"pivot": [-2.07038, 10.70991, -4.51045],
							"rotation": [0, 0, -20],
							"uv": {
								"north": {"uv": [2.5, 11.5], "uv_size": [0.25, 0.25]},
								"east": {"uv": [11.5, 2.5], "uv_size": [0.25, 0.25]},
								"south": {"uv": [2.75, 11.5], "uv_size": [0.25, 0.25]},
								"west": {"uv": [11.5, 2.75], "uv_size": [0.25, 0.25]},
								"up": {"uv": [3, 11.5], "uv_size": [0.25, 0.25]},
								"down": {"uv": [11.5, 3.25], "uv_size": [0.25, -0.25]}
							}
						}
					]
				},
				{
					"name": "Leftbrow",
					"parent": "Eyebrow",
					"pivot": [2.46454, 10.03392, -4.51045],
					"cubes": [
						{
							"origin": [2.54054, 9.44894, -4.5487],
							"size": [1.106, 0.273, 0.0765],
							"pivot": [2.91854, 9.58544, -4.51045],
							"rotation": [0, 0, 72.5],
							"uv": {
								"north": {"uv": [4.25, 11.5], "uv_size": [-0.25, 0.25]},
								"east": {"uv": [11.75, 4.5], "uv_size": [-0.25, 0.25]},
								"south": {"uv": [4.75, 11.5], "uv_size": [-0.25, 0.25]},
								"west": {"uv": [4.5, 11.5], "uv_size": [-0.25, 0.25]},
								"up": {"uv": [5, 11.5], "uv_size": [-0.25, 0.25]},
								"down": {"uv": [11.75, 5], "uv_size": [-0.25, -0.25]}
							}
						},
						{
							"origin": [2.12046, 9.83632, -4.5487],
							"size": [0.756, 0.273, 0.0765],
							"pivot": [2.74846, 9.97282, -4.51045],
							"rotation": [0, 0, 42.5],
							"uv": {
								"north": {"uv": [3.5, 11.5], "uv_size": [-0.25, 0.25]},
								"east": {"uv": [11.75, 3.5], "uv_size": [-0.25, 0.25]},
								"south": {"uv": [3.75, 11.5], "uv_size": [-0.25, 0.25]},
								"west": {"uv": [11.75, 3.25], "uv_size": [-0.25, 0.25]},
								"up": {"uv": [4, 11.5], "uv_size": [-0.25, 0.25]},
								"down": {"uv": [11.75, 4], "uv_size": [-0.25, -0.25]}
							}
						},
						{
							"origin": [1.36738, 10.47341, -4.5487],
							"size": [1.006, 0.273, 0.0765],
							"pivot": [1.67038, 10.60991, -4.51045],
							"rotation": [0, 0, 20],
							"uv": {
								"north": {"uv": [2.75, 11.5], "uv_size": [-0.25, 0.25]},
								"east": {"uv": [11.75, 2.75], "uv_size": [-0.25, 0.25]},
								"south": {"uv": [3, 11.5], "uv_size": [-0.25, 0.25]},
								"west": {"uv": [11.75, 2.5], "uv_size": [-0.25, 0.25]},
								"up": {"uv": [3.25, 11.5], "uv_size": [-0.25, 0.25]},
								"down": {"uv": [11.75, 3.25], "uv_size": [-0.25, -0.25]}
							}
						}
					]
				},
				{
					"name": "Eyelid",
					"parent": "Eyes",
					"pivot": [-0.25, 8.25, -4.5]
				},
				{
					"name": "LeftEyelid",
					"parent": "Eyelid",
					"pivot": [1.29469, 8.42022, -4.57426],
					"cubes": [
						{
							"origin": [1.0355, 8.43472, -4.64688],
							"size": [0.51926, 0.4606, 0.07248],
							"uv": {
								"north": {"uv": [6, 11.5], "uv_size": [-0.25, 0.25]},
								"east": {"uv": [11.75, 6], "uv_size": [-0.25, 0.25]},
								"south": {"uv": [6.25, 11.5], "uv_size": [-0.25, 0.25]},
								"west": {"uv": [11.75, 5.75], "uv_size": [-0.25, 0.25]},
								"up": {"uv": [6.5, 11.5], "uv_size": [-0.25, 0.25]},
								"down": {"uv": [11.75, 6.5], "uv_size": [-0.25, -0.25]}
							}
						},
						{
							"origin": [1.37599, 8.06522, -4.64688],
							"size": [0.32168, 0.16627, 0.07248],
							"pivot": [1.62753, 8.14836, -4.61064],
							"rotation": [0, 0, -30],
							"uv": {
								"north": {"uv": [8.25, 11.5], "uv_size": [-0.25, 0.25]},
								"east": {"uv": [11.75, 8.25], "uv_size": [-0.25, 0.25]},
								"south": {"uv": [8.5, 11.5], "uv_size": [-0.25, 0.25]},
								"west": {"uv": [11.75, 8], "uv_size": [-0.25, 0.25]},
								"up": {"uv": [8.75, 11.5], "uv_size": [-0.25, 0.25]},
								"down": {"uv": [11.75, 8.75], "uv_size": [-0.25, -0.25]}
							}
						},
						{
							"origin": [0.8568, 8.00737, -4.64688],
							"size": [0.32168, 0.16627, 0.07248],
							"pivot": [1.04264, 8.09051, -4.61064],
							"rotation": [0, 0, 30],
							"uv": {
								"north": {"uv": [7.5, 11.5], "uv_size": [-0.25, 0.25]},
								"east": {"uv": [11.75, 7.5], "uv_size": [-0.25, 0.25]},
								"south": {"uv": [7.75, 11.5], "uv_size": [-0.25, 0.25]},
								"west": {"uv": [11.75, 7.25], "uv_size": [-0.25, 0.25]},
								"up": {"uv": [8, 11.5], "uv_size": [-0.25, 0.25]},
								"down": {"uv": [11.75, 8], "uv_size": [-0.25, -0.25]}
							}
						},
						{
							"origin": [1.11871, 7.95059, -4.64688],
							"size": [0.33255, 0.16627, 0.07248],
							"uv": {
								"north": {"uv": [6.75, 11.5], "uv_size": [-0.25, 0.25]},
								"east": {"uv": [11.75, 6.75], "uv_size": [-0.25, 0.25]},
								"south": {"uv": [7, 11.5], "uv_size": [-0.25, 0.25]},
								"west": {"uv": [11.75, 6.5], "uv_size": [-0.25, 0.25]},
								"up": {"uv": [7.25, 11.5], "uv_size": [-0.25, 0.25]},
								"down": {"uv": [11.75, 7.25], "uv_size": [-0.25, -0.25]}
							}
						},
						{
							"origin": [1.39401, 8.80875, -4.59099],
							"size": [0.25753, 0.62074, 0.06983],
							"pivot": [1.59755, 9.06781, -4.55607],
							"rotation": [0, 0, -67.5],
							"uv": {
								"north": {"uv": [10.5, 11.5], "uv_size": [-0.25, 0.25]},
								"east": {"uv": [11.75, 10.5], "uv_size": [-0.25, 0.25]},
								"south": {"uv": [10.75, 11.5], "uv_size": [-0.25, 0.25]},
								"west": {"uv": [11.75, 10.25], "uv_size": [-0.25, 0.25]},
								"up": {"uv": [11, 11.5], "uv_size": [-0.25, 0.25]},
								"down": {"uv": [11.75, 11], "uv_size": [-0.25, -0.25]}
							}
						},
						{
							"origin": [0.94607, 8.80875, -4.59099],
							"size": [0.15309, 0.57662, 0.06983],
							"pivot": [1.01834, 9.06781, -4.55607],
							"rotation": [0, 0, 67.5],
							"uv": {
								"north": {"uv": [10.25, 11.5], "uv_size": [0.25, 0.25]},
								"east": {"uv": [11.5, 10.25], "uv_size": [0.25, 0.25]},
								"south": {"uv": [10.5, 11.5], "uv_size": [0.25, 0.25]},
								"west": {"uv": [11.5, 10.5], "uv_size": [0.25, 0.25]},
								"up": {"uv": [10.75, 11.5], "uv_size": [0.25, 0.25]},
								"down": {"uv": [11.5, 11], "uv_size": [0.25, -0.25]}
							}
						},
						{
							"origin": [0.6078, 8.36635, -4.59099],
							"size": [1.24948, 0.63397, 0.06983],
							"pivot": [0.72419, 8.66993, -4.55607],
							"rotation": [0, 0, 25],
							"uv": {
								"north": {"uv": [10.25, 11.5], "uv_size": [0.25, 0.25]},
								"east": {"uv": [11.5, 10.25], "uv_size": [0.25, 0.25]},
								"south": {"uv": [10.5, 11.5], "uv_size": [0.25, 0.25]},
								"west": {"uv": [11.5, 10.5], "uv_size": [0.25, 0.25]},
								"up": {"uv": [10.75, 11.5], "uv_size": [0.25, 0.25]},
								"down": {"uv": [11.5, 11], "uv_size": [0.25, -0.25]}
							}
						},
						{
							"origin": [0.6078, 7.85859, -4.59099],
							"size": [0.23278, 0.66302, 0.06983],
							"pivot": [0.72419, 8.21803, -4.55607],
							"rotation": [0, 0, -25],
							"uv": {
								"north": {"uv": [10.25, 11.5], "uv_size": [0.25, 0.25]},
								"east": {"uv": [11.5, 10.25], "uv_size": [0.25, 0.25]},
								"south": {"uv": [10.5, 11.5], "uv_size": [0.25, 0.25]},
								"west": {"uv": [11.5, 10.5], "uv_size": [0.25, 0.25]},
								"up": {"uv": [10.75, 11.5], "uv_size": [0.25, 0.25]},
								"down": {"uv": [11.5, 11], "uv_size": [0.25, -0.25]}
							}
						},
						{
							"origin": [1.77531, 7.85859, -4.59099],
							"size": [0.23278, 0.66302, 0.06983],
							"pivot": [1.8917, 8.21803, -4.55607],
							"rotation": [0, 0, 25],
							"uv": {
								"north": {"uv": [10.5, 11.5], "uv_size": [-0.25, 0.25]},
								"east": {"uv": [11.75, 10.5], "uv_size": [-0.25, 0.25]},
								"south": {"uv": [10.75, 11.5], "uv_size": [-0.25, 0.25]},
								"west": {"uv": [11.75, 10.25], "uv_size": [-0.25, 0.25]},
								"up": {"uv": [11, 11.5], "uv_size": [-0.25, 0.25]},
								"down": {"uv": [11.75, 11], "uv_size": [-0.25, -0.25]}
							}
						},
						{
							"origin": [0.75861, 8.36635, -4.59099],
							"size": [1.24948, 0.63397, 0.06983],
							"pivot": [1.8917, 8.66993, -4.55607],
							"rotation": [0, 0, -25],
							"uv": {
								"north": {"uv": [10.5, 11.5], "uv_size": [-0.25, 0.25]},
								"east": {"uv": [11.75, 10.5], "uv_size": [-0.25, 0.25]},
								"south": {"uv": [10.75, 11.5], "uv_size": [-0.25, 0.25]},
								"west": {"uv": [11.75, 10.25], "uv_size": [-0.25, 0.25]},
								"up": {"uv": [11, 11.5], "uv_size": [-0.25, 0.25]},
								"down": {"uv": [11.75, 11], "uv_size": [-0.25, -0.25]}
							}
						},
						{
							"origin": [0.9395, 7.47056, -4.59099],
							"size": [1.39647, 0.55964, 0.06983],
							"pivot": [1.00606, 7.79382, -4.55607],
							"rotation": [0, 0, -67.5],
							"uv": {
								"north": {"uv": [10.25, 11.75], "uv_size": [0.25, -0.25]},
								"east": {"uv": [11.5, 10.5], "uv_size": [0.25, -0.25]},
								"south": {"uv": [10.5, 11.75], "uv_size": [0.25, -0.25]},
								"west": {"uv": [11.5, 10.75], "uv_size": [0.25, -0.25]},
								"up": {"uv": [11.5, 10.75], "uv_size": [0.25, 0.25]},
								"down": {"uv": [10.75, 11.75], "uv_size": [0.25, -0.25]}
							}
						},
						{
							"origin": [0.25824, 7.44021, -4.59099],
							"size": [1.38103, 0.61267, 0.06983],
							"pivot": [1.58527, 7.79382, -4.55607],
							"rotation": [0, 0, 67.5],
							"uv": {
								"north": {"uv": [10.5, 11.75], "uv_size": [-0.25, -0.25]},
								"east": {"uv": [11.75, 10.75], "uv_size": [-0.25, -0.25]},
								"south": {"uv": [10.75, 11.75], "uv_size": [-0.25, -0.25]},
								"west": {"uv": [11.75, 10.5], "uv_size": [-0.25, -0.25]},
								"up": {"uv": [11.75, 10.75], "uv_size": [-0.25, 0.25]},
								"down": {"uv": [11, 11.75], "uv_size": [-0.25, -0.25]}
							}
						}
					]
				},
				{
					"name": "RightEyelid",
					"parent": "Eyelid",
					"pivot": [-1.94469, 8.42022, -4.57426],
					"cubes": [
						{
							"origin": [-2.20476, 8.43472, -4.64688],
							"size": [0.51926, 0.4606, 0.07248],
							"uv": {
								"north": {"uv": [5.75, 11.5], "uv_size": [0.25, 0.25]},
								"east": {"uv": [11.5, 5.75], "uv_size": [0.25, 0.25]},
								"south": {"uv": [6, 11.5], "uv_size": [0.25, 0.25]},
								"west": {"uv": [11.5, 6], "uv_size": [0.25, 0.25]},
								"up": {"uv": [6.25, 11.5], "uv_size": [0.25, 0.25]},
								"down": {"uv": [11.5, 6.5], "uv_size": [0.25, -0.25]}
							}
						},
						{
							"origin": [-2.34767, 8.06522, -4.64688],
							"size": [0.32168, 0.16627, 0.07248],
							"pivot": [-2.27753, 8.14836, -4.61064],
							"rotation": [0, 0, 30],
							"uv": {
								"north": {"uv": [8, 11.5], "uv_size": [0.25, 0.25]},
								"east": {"uv": [11.5, 8], "uv_size": [0.25, 0.25]},
								"south": {"uv": [8.25, 11.5], "uv_size": [0.25, 0.25]},
								"west": {"uv": [11.5, 8.25], "uv_size": [0.25, 0.25]},
								"up": {"uv": [8.5, 11.5], "uv_size": [0.25, 0.25]},
								"down": {"uv": [11.5, 8.75], "uv_size": [0.25, -0.25]}
							}
						},
						{
							"origin": [-1.82848, 8.00737, -4.64688],
							"size": [0.32168, 0.16627, 0.07248],
							"pivot": [-1.69264, 8.09051, -4.61064],
							"rotation": [0, 0, -30],
							"uv": {
								"north": {"uv": [7.25, 11.5], "uv_size": [0.25, 0.25]},
								"east": {"uv": [11.5, 7.25], "uv_size": [0.25, 0.25]},
								"south": {"uv": [7.5, 11.5], "uv_size": [0.25, 0.25]},
								"west": {"uv": [11.5, 7.5], "uv_size": [0.25, 0.25]},
								"up": {"uv": [7.75, 11.5], "uv_size": [0.25, 0.25]},
								"down": {"uv": [11.5, 8], "uv_size": [0.25, -0.25]}
							}
						},
						{
							"origin": [-2.10126, 7.95059, -4.64688],
							"size": [0.33255, 0.16627, 0.07248],
							"uv": {
								"north": {"uv": [6.5, 11.5], "uv_size": [0.25, 0.25]},
								"east": {"uv": [11.5, 6.5], "uv_size": [0.25, 0.25]},
								"south": {"uv": [6.75, 11.5], "uv_size": [0.25, 0.25]},
								"west": {"uv": [11.5, 6.75], "uv_size": [0.25, 0.25]},
								"up": {"uv": [7, 11.5], "uv_size": [0.25, 0.25]},
								"down": {"uv": [11.5, 7.25], "uv_size": [0.25, -0.25]}
							}
						},
						{
							"origin": [-2.30154, 8.80875, -4.59099],
							"size": [0.25753, 0.62074, 0.06983],
							"pivot": [-2.24755, 9.06781, -4.55607],
							"rotation": [0, 0, 67.5],
							"uv": {
								"north": {"uv": [10.25, 11.5], "uv_size": [0.25, 0.25]},
								"east": {"uv": [11.5, 10.25], "uv_size": [0.25, 0.25]},
								"south": {"uv": [10.5, 11.5], "uv_size": [0.25, 0.25]},
								"west": {"uv": [11.5, 10.5], "uv_size": [0.25, 0.25]},
								"up": {"uv": [10.75, 11.5], "uv_size": [0.25, 0.25]},
								"down": {"uv": [11.5, 11], "uv_size": [0.25, -0.25]}
							}
						},
						{
							"origin": [-1.74916, 8.80875, -4.59099],
							"size": [0.15309, 0.57662, 0.06983],
							"pivot": [-1.66834, 9.06781, -4.55607],
							"rotation": [0, 0, -67.5],
							"uv": {
								"north": {"uv": [10.5, 11.5], "uv_size": [-0.25, 0.25]},
								"east": {"uv": [11.75, 10.5], "uv_size": [-0.25, 0.25]},
								"south": {"uv": [10.75, 11.5], "uv_size": [-0.25, 0.25]},
								"west": {"uv": [11.75, 10.25], "uv_size": [-0.25, 0.25]},
								"up": {"uv": [11, 11.5], "uv_size": [-0.25, 0.25]},
								"down": {"uv": [11.75, 11], "uv_size": [-0.25, -0.25]}
							}
						},
						{
							"origin": [-2.50728, 8.36635, -4.59099],
							"size": [1.24948, 0.63397, 0.06983],
							"pivot": [-1.37419, 8.66993, -4.55607],
							"rotation": [0, 0, -25],
							"uv": {
								"north": {"uv": [10.5, 11.5], "uv_size": [-0.25, 0.25]},
								"east": {"uv": [11.75, 10.5], "uv_size": [-0.25, 0.25]},
								"south": {"uv": [10.75, 11.5], "uv_size": [-0.25, 0.25]},
								"west": {"uv": [11.75, 10.25], "uv_size": [-0.25, 0.25]},
								"up": {"uv": [11, 11.5], "uv_size": [-0.25, 0.25]},
								"down": {"uv": [11.75, 11], "uv_size": [-0.25, -0.25]}
							}
						},
						{
							"origin": [-1.49058, 7.85859, -4.59099],
							"size": [0.23278, 0.66302, 0.06983],
							"pivot": [-1.37419, 8.21803, -4.55607],
							"rotation": [0, 0, 25],
							"uv": {
								"north": {"uv": [10.5, 11.5], "uv_size": [-0.25, 0.25]},
								"east": {"uv": [11.75, 10.5], "uv_size": [-0.25, 0.25]},
								"south": {"uv": [10.75, 11.5], "uv_size": [-0.25, 0.25]},
								"west": {"uv": [11.75, 10.25], "uv_size": [-0.25, 0.25]},
								"up": {"uv": [11, 11.5], "uv_size": [-0.25, 0.25]},
								"down": {"uv": [11.75, 11], "uv_size": [-0.25, -0.25]}
							}
						},
						{
							"origin": [-2.65809, 7.85859, -4.59099],
							"size": [0.23278, 0.66302, 0.06983],
							"pivot": [-2.5417, 8.21803, -4.55607],
							"rotation": [0, 0, -25],
							"uv": {
								"north": {"uv": [10.25, 11.5], "uv_size": [0.25, 0.25]},
								"east": {"uv": [11.5, 10.25], "uv_size": [0.25, 0.25]},
								"south": {"uv": [10.5, 11.5], "uv_size": [0.25, 0.25]},
								"west": {"uv": [11.5, 10.5], "uv_size": [0.25, 0.25]},
								"up": {"uv": [10.75, 11.5], "uv_size": [0.25, 0.25]},
								"down": {"uv": [11.5, 11], "uv_size": [0.25, -0.25]}
							}
						},
						{
							"origin": [-2.65809, 8.36635, -4.59099],
							"size": [1.24948, 0.63397, 0.06983],
							"pivot": [-2.5417, 8.66993, -4.55607],
							"rotation": [0, 0, 25],
							"uv": {
								"north": {"uv": [10.25, 11.5], "uv_size": [0.25, 0.25]},
								"east": {"uv": [11.5, 10.25], "uv_size": [0.25, 0.25]},
								"south": {"uv": [10.5, 11.5], "uv_size": [0.25, 0.25]},
								"west": {"uv": [11.5, 10.5], "uv_size": [0.25, 0.25]},
								"up": {"uv": [10.75, 11.5], "uv_size": [0.25, 0.25]},
								"down": {"uv": [11.5, 11], "uv_size": [0.25, -0.25]}
							}
						},
						{
							"origin": [-2.98597, 7.47056, -4.59099],
							"size": [1.39647, 0.55964, 0.06983],
							"pivot": [-1.65606, 7.79382, -4.55607],
							"rotation": [0, 0, 67.5],
							"uv": {
								"north": {"uv": [10.5, 11.75], "uv_size": [-0.25, -0.25]},
								"east": {"uv": [11.75, 10.75], "uv_size": [-0.25, -0.25]},
								"south": {"uv": [10.75, 11.75], "uv_size": [-0.25, -0.25]},
								"west": {"uv": [11.75, 10.5], "uv_size": [-0.25, -0.25]},
								"up": {"uv": [11.75, 10.75], "uv_size": [-0.25, 0.25]},
								"down": {"uv": [11, 11.75], "uv_size": [-0.25, -0.25]}
							}
						},
						{
							"origin": [-2.28927, 7.44021, -4.59099],
							"size": [1.38103, 0.61267, 0.06983],
							"pivot": [-2.23527, 7.79382, -4.55607],
							"rotation": [0, 0, -67.5],
							"uv": {
								"north": {"uv": [10.25, 11.75], "uv_size": [0.25, -0.25]},
								"east": {"uv": [11.5, 10.5], "uv_size": [0.25, -0.25]},
								"south": {"uv": [10.5, 11.75], "uv_size": [0.25, -0.25]},
								"west": {"uv": [11.5, 10.75], "uv_size": [0.25, -0.25]},
								"up": {"uv": [11.5, 10.75], "uv_size": [0.25, 0.25]},
								"down": {"uv": [10.75, 11.75], "uv_size": [0.25, -0.25]}
							}
						}
					]
				},
				{
					"name": "Arm",
					"parent": "UpperBody",
					"pivot": [0, 5, 0]
				},
				{
					"name": "LeftArm",
					"parent": "Arm",
					"pivot": [3.53679, 4.46542, 0],
					"cubes": [
						{
							"origin": [2.75, 2.25, -0.5],
							"size": [1, 4.25, 1],
							"pivot": [3.25, 4.875, 0],
							"rotation": [0, 0, -35],
							"uv": {
								"north": {"uv": [7.75, 9.75], "uv_size": [0.25, 1]},
								"east": {"uv": [8, 9.75], "uv_size": [0.25, 1]},
								"south": {"uv": [8.25, 9.75], "uv_size": [0.25, 1]},
								"west": {"uv": [9.75, 8.25], "uv_size": [0.25, 1]},
								"up": {"uv": [5.75, 10.5], "uv_size": [0.25, 0.25]},
								"down": {"uv": [6, 10.75], "uv_size": [0.25, -0.25]}
							}
						}
					]
				},
				{
					"name": "LeftHandLocator",
					"parent": "LeftArm",
					"pivot": [4.5, 3, 0],
					"rotation": [0, 0, -35]
				},
				{
					"name": "RightArm",
					"parent": "Arm",
					"pivot": [-3.78679, 4.71542, 0],
					"cubes": [
						{
							"origin": [-4.25, 2.25, -0.5],
							"size": [1, 4.25, 1],
							"pivot": [-3.75, 4.875, 0],
							"rotation": [0, 0, 35],
							"uv": {
								"north": {"uv": [9.75, 9.25], "uv_size": [0.25, 1]},
								"east": {"uv": [9.5, 9.75], "uv_size": [0.25, 1]},
								"south": {"uv": [0.25, 10], "uv_size": [0.25, 1]},
								"west": {"uv": [0.5, 10], "uv_size": [0.25, 1]},
								"up": {"uv": [11.75, 0], "uv_size": [0.25, 0.25]},
								"down": {"uv": [0.25, 12], "uv_size": [0.25, -0.25]}
							}
						}
					]
				},
				{
					"name": "RightHandLocator",
					"parent": "RightArm",
					"pivot": [-5, 3, 0],
					"rotation": [0, 0, 32.5]
				},
				{
					"name": "ElytraLocator",
					"parent": "UpperBody",
					"pivot": [0, 5, 3.25]
				},
				{
					"name": "DownBody",
					"parent": "AllBody",
					"pivot": [0, 0, 0]
				},
				{
					"name": "Body",
					"parent": "DownBody",
					"pivot": [-0.25, 3.45, -0.025],
					"cubes": [
						{
							"origin": [-3.425, 1.5, -2.5],
							"size": [0.675, 3.75, 4.95],
							"uv": {
								"north": {"uv": [1.25, 10], "uv_size": [0.25, 1]},
								"east": {"uv": [8.25, 5.25], "uv_size": [1.25, 1]},
								"south": {"uv": [1.5, 10], "uv_size": [0.25, 1]},
								"west": {"uv": [8.25, 6.25], "uv_size": [1.25, 1]},
								"up": {"uv": [4.25, 9.75], "uv_size": [0.25, 1.25]},
								"down": {"uv": [4.5, 11], "uv_size": [0.25, -1.25]}
							}
						},
						{
							"origin": [-4.125, 2, -2.25],
							"size": [0.875, 3.25, 4.45],
							"uv": {
								"north": {"uv": [10, 9.75], "uv_size": [0.25, 0.75]},
								"east": {"uv": [9.25, 0], "uv_size": [1, 0.75]},
								"south": {"uv": [10.25, 0], "uv_size": [0.25, 0.75]},
								"west": {"uv": [9.5, 3.25], "uv_size": [1, 0.75]},
								"up": {"uv": [0.75, 10], "uv_size": [0.25, 1]},
								"down": {"uv": [1, 11], "uv_size": [0.25, -1]}
							}
						},
						{
							"origin": [2.25, 1.5, -2.5],
							"size": [0.675, 3.75, 4.95],
							"uv": {
								"north": {"uv": [4.75, 9.75], "uv_size": [0.25, 1]},
								"east": {"uv": [8.25, 3.25], "uv_size": [1.25, 1]},
								"south": {"uv": [5, 9.75], "uv_size": [0.25, 1]},
								"west": {"uv": [8.25, 4.25], "uv_size": [1.25, 1]},
								"up": {"uv": [4, 4.5], "uv_size": [0.25, 1.25]},
								"down": {"uv": [3.75, 7.25], "uv_size": [0.25, -1.25]}
							}
						},
						{
							"origin": [2.75, 2, -2.25],
							"size": [0.875, 3.25, 4.45],
							"uv": {
								"north": {"uv": [6, 1.5], "uv_size": [0.25, 0.75]},
								"east": {"uv": [2.75, 7.5], "uv_size": [1, 0.75]},
								"south": {"uv": [10, 2], "uv_size": [0.25, 0.75]},
								"west": {"uv": [6.5, 8.75], "uv_size": [1, 0.75]},
								"up": {"uv": [9.75, 5.5], "uv_size": [0.25, 1]},
								"down": {"uv": [9.75, 7.5], "uv_size": [0.25, -1]}
							}
						},
						{
							"origin": [-2.75, 1.25, -3.25],
							"size": [5, 4, 6.45],
							"uv": {
								"north": {"uv": [2.75, 8.75], "uv_size": [1.25, 1]},
								"east": {"uv": [8.25, 1.25], "uv_size": [1.5, 1]},
								"south": {"uv": [4, 8.75], "uv_size": [1.25, 1]},
								"west": {"uv": [8.25, 2.25], "uv_size": [1.5, 1]},
								"up": {"uv": [1.5, 7.5], "uv_size": [1.25, 1.5]},
								"down": {"uv": [5.25, 9], "uv_size": [1.25, -1.5]}
							}
						}
					]
				},
				{
					"name": "tail",
					"parent": "Body",
					"pivot": [-0.2125, 2.125, 3.175],
					"cubes": [
						{
							"origin": [-0.975, 1.4, 3.025],
							"size": [1.525, 1.45, 1.3],
							"uv": {
								"north": {"uv": [1.75, 4], "uv_size": [0.5, 0.25]},
								"east": {"uv": [8, 1.25], "uv_size": [0.25, 0.25]},
								"south": {"uv": [1.75, 4.25], "uv_size": [0.5, 0.25]},
								"west": {"uv": [8.75, 7.25], "uv_size": [0.25, 0.25]},
								"up": {"uv": [5.25, 7.25], "uv_size": [0.5, 0.25]},
								"down": {"uv": [5.75, 7.5], "uv_size": [0.5, -0.25]}
							}
						}
					]
				},
				{
					"name": "RightLeg",
					"parent": "DownBody",
					"pivot": [-1.75, 1.375, 0],
					"cubes": [
						{
							"origin": [-2.25, 0, -0.5],
							"size": [1, 1.25, 1],
							"uv": {
								"north": {"uv": [9.75, 10.25], "uv_size": [0.25, 0.25]},
								"east": {"uv": [10.5, 0.25], "uv_size": [0.25, 0.25]},
								"south": {"uv": [10.5, 0.5], "uv_size": [0.25, 0.25]},
								"west": {"uv": [2, 10.5], "uv_size": [0.25, 0.25]},
								"up": {"uv": [2.25, 10.5], "uv_size": [0.25, 0.25]},
								"down": {"uv": [10.5, 3], "uv_size": [0.25, -0.25]}
							}
						}
					]
				},
				{
					"name": "LeftLeg",
					"parent": "DownBody",
					"pivot": [1.5, 1.375, 0],
					"cubes": [
						{
							"origin": [1, 0, -0.5],
							"size": [1, 1.25, 1],
							"uv": {
								"north": {"uv": [10.5, 3], "uv_size": [0.25, 0.25]},
								"east": {"uv": [10.5, 3.25], "uv_size": [0.25, 0.25]},
								"south": {"uv": [10.5, 3.5], "uv_size": [0.25, 0.25]},
								"west": {"uv": [10.5, 3.75], "uv_size": [0.25, 0.25]},
								"up": {"uv": [5.25, 10.5], "uv_size": [0.25, 0.25]},
								"down": {"uv": [5.5, 10.75], "uv_size": [0.25, -0.25]}
							}
						}
					]
				}
			]
		}
	]
}