{
	"format_version": "1.12.0",
	"minecraft:geometry": [
		{
			"description": {
				"identifier": "geometry.unknown",
				"texture_width": 128,
				"texture_height": 128,
				"visible_bounds_width": 3,
				"visible_bounds_height": 2.5,
				"visible_bounds_offset": [0, 0.75, 0]
			},
			"bones": [
				{
					"name": "Root",
					"pivot": [0, 0, 0.25]
				},
				{
					"name": "MallBody",
					"parent": "Root",
					"pivot": [0, 0, 0.25]
				},
				{
					"name": "AllBody",
					"parent": "MallBody",
					"pivot": [0, 0, 0.25]
				},
				{
					"name": "UpBody",
					"parent": "AllBody",
					"pivot": [0, 5.25, 0.25]
				},
				{
					"name": "MUpperBody",
					"parent": "UpBody",
					"pivot": [0, 5.5, 0]
				},
				{
					"name": "UpperBody",
					"parent": "MUpperBody",
					"pivot": [0, 5.5, 0]
				},
				{
					"name": "AllHead",
					"parent": "UpperBody",
					"pivot": [0, 12.5, -1]
				},
				{
					"name": "MHead",
					"parent": "AllHead",
					"pivot": [0, 11.5, 0.25]
				},
				{
					"name": "Head",
					"parent": "MHead",
					"pivot": [0, 12.29518, 0.52716],
					"cubes": [
						{"origin": [-4.13073, 7.50571, -5.5], "size": [1, 8, 8], "pivot": [0, 12.25, -1.5], "rotation": [0, -90, 0], "uv": [37, 0]},
						{"origin": [-6.86927, 10.00571, -6], "size": [1, 3, 9], "pivot": [0, 12.25, -1.5], "rotation": [0, 90, 0], "uv": [47, 8]},
						{"origin": [-6.36927, 7.00571, -2.5], "size": [1, 9, 3], "pivot": [0, 12.5, -1], "rotation": [0, 90, 0], "uv": [50, 66]},
						{"origin": [-6.61927, 13.00571, 0.25], "size": [1, 2, 2], "pivot": [0, 12.25, -1.25], "rotation": [0, 90, 0], "uv": [34, 56]},
						{"origin": [-6.61927, 8.00571, 0.25], "size": [1, 2, 2], "pivot": [0, 12.25, -1.25], "rotation": [0, 90, 0], "uv": [27, 56]},
						{"origin": [-6.36927, 8.00571, -4.5], "size": [1, 2, 2], "pivot": [0, 12.25, -1], "rotation": [0, 90, 0], "uv": [54, 55]},
						{"origin": [-6.61927, 13.00571, -4.75], "size": [1, 2, 2], "pivot": [0, 12, -1.25], "rotation": [0, 90, 0], "uv": [47, 55]},
						{"origin": [-3.75571, 7.75, -4.63073], "size": [9, 9, 9], "pivot": [0, 12.25, -1.25], "rotation": [0, 0, 90], "uv": [0, 0]},
						{"origin": [-5.00571, 13.5, -3.63073], "size": [1, 2, 2], "pivot": [0, 12, -1.25], "rotation": [0, 0, 90], "uv": [23, 31]},
						{"origin": [-4.25571, 9.25, -3.63073], "size": [1, 2, 2], "pivot": [0, 12.75, -1.25], "rotation": [0, 0, 90], "uv": [64, 55]},
						{"origin": [-4.25571, 9.25, 1.36927], "size": [1, 2, 2], "pivot": [0, 12.75, -1], "rotation": [0, 0, 90], "uv": [68, 66]},
						{"origin": [-4.50571, 14, 1.36927], "size": [1, 2, 2], "pivot": [0, 12.5, -1], "rotation": [0, 0, 90], "uv": [0, 42]},
						{"origin": [-1.00571, 11.5, -1.63073], "size": [1, 9, 3], "pivot": [0, 16, -1], "rotation": [0, 0, 90], "uv": [65, 18]},
						{"origin": [-5.25571, 10.25, -4.63073], "size": [1, 3, 9], "pivot": [0, 11.75, -1], "rotation": [0, 0, 90], "uv": [23, 43]},
						{"origin": [-5.5, 13.00571, -3.63073], "size": [1, 2, 2], "uv": [42, 19]},
						{"origin": [-5.5, 8.00571, -3.63073], "size": [1, 2, 2], "uv": [43, 33]},
						{"origin": [-5.5, 8.00571, 1.36927], "size": [1, 2, 2], "uv": [35, 45]},
						{"origin": [-5.5, 13.00571, 1.36927], "size": [1, 2, 2], "uv": [42, 47]},
						{"origin": [-5.5, 7.00571, -1.63073], "size": [1, 9, 3], "uv": [7, 66]},
						{"origin": [-5.5, 10.00571, -4.63073], "size": [2, 3, 9], "uv": [41, 34]},
						{"origin": [-6.5, 9.00571, -2.63073], "size": [1, 1, 1], "uv": [0, 5]},
						{"origin": [-6.5, 13.00571, -2.63073], "size": [1, 1, 1], "uv": [42, 24]},
						{"origin": [-6.5, 9.00571, 1.36927], "size": [1, 1, 1], "uv": [24, 43]},
						{"origin": [-6.5, 13.00571, 1.36927], "size": [1, 1, 1], "uv": [27, 46]},
						{"origin": [-6.5, 10.00571, -3.63073], "size": [1, 3, 7], "uv": [0, 55]},
						{"origin": [-6.5, 8.00571, -1.63073], "size": [1, 7, 3], "uv": [59, 66]},
						{"origin": [-5.5, 13.00571, -1.36927], "size": [1, 2, 2], "pivot": [0, 12, -1.5], "rotation": [-180, 0, 180], "uv": [48, 0]},
						{"origin": [-5.5, 8.00571, -0.86927], "size": [1, 2, 2], "pivot": [0, 12, -1.25], "rotation": [-180, 0, 180], "uv": [0, 55]},
						{"origin": [-5.5, 8.00571, -5.36927], "size": [1, 2, 2], "pivot": [0, 12, -1], "rotation": [-180, 0, 180], "uv": [55, 33]},
						{"origin": [-5.5, 13.00571, -5.36927], "size": [1, 2, 2], "pivot": [0, 12, -1], "rotation": [-180, 0, 180], "uv": [55, 38]},
						{"origin": [-5.5, 7.00571, -3.36927], "size": [1, 9, 3], "pivot": [0, 12, -1], "rotation": [-180, 0, 180], "uv": [41, 66]},
						{"origin": [-5.5, 10.00571, -6.36927], "size": [2, 3, 9], "pivot": [0, 12, -1], "rotation": [-180, 0, 180], "uv": [0, 42]},
						{"origin": [-6.5, 9.00571, 0.13073], "size": [1, 1, 1], "pivot": [0, 12, -0.75], "rotation": [-180, 0, 180], "uv": [0, 47]},
						{"origin": [-6.5, 13.00571, -0.86927], "size": [1, 1, 1], "pivot": [0, 12, -1.25], "rotation": [-180, 0, 180], "uv": [48, 5]},
						{"origin": [-6.5, 9.00571, -4.36927], "size": [1, 1, 1], "pivot": [0, 12, -1], "rotation": [-180, 0, 180], "uv": [49, 21]},
						{"origin": [-6.5, 13.00571, -4.36927], "size": [1, 1, 1], "pivot": [0, 12, -1], "rotation": [-180, 0, 180], "uv": [26, 49]},
						{"origin": [-6.5, 10.00571, -5.36927], "size": [1, 3, 7], "pivot": [0, 12, -1], "rotation": [-180, 0, 180], "uv": [54, 55]},
						{"origin": [-6.5, 8.00571, -3.36927], "size": [1, 7, 3], "pivot": [0, 12, -1], "rotation": [-180, 0, 180], "uv": [16, 67]}
					]
				},
				{
					"name": "LeftShoulderLocator",
					"parent": "Head",
					"pivot": [3, 17, 0]
				},
				{
					"name": "RightShoulderLocator",
					"parent": "Head",
					"pivot": [-3, 17, 0]
				},
				{
					"name": "RightEar",
					"parent": "Head",
					"pivot": [-3, 17, 0],
					"cubes": [
						{"origin": [-0.82747, 15.22672, -0.13073], "size": [1, 4, 1], "pivot": [-0.5, 15, 0.5], "rotation": [0, 0, -20], "uv": [17, 19], "mirror": true},
						{"origin": [-3.13417, 16.08733, -0.13073], "size": [2, 5, 1], "pivot": [-2.75, 15.5, 0.5], "rotation": [0, 0, -20], "uv": [23, 19], "mirror": true},
						{"origin": [-3.92289, 15.78558, -0.13073], "size": [1, 4, 1], "pivot": [-3.5, 14.75, 0.5], "rotation": [0, 0, -20], "uv": [0, 19], "mirror": true}
					]
				},
				{
					"name": "LeftEar",
					"parent": "Head",
					"pivot": [3, 17, 0],
					"cubes": [
						{"origin": [0.94809, 16.14268, -0.13073], "size": [2, 5, 1], "pivot": [2.5, 15, 0.5], "rotation": [0, 0, 20], "uv": [23, 19]},
						{"origin": [0.01356, 15.17137, -0.13073], "size": [1, 4, 1], "pivot": [0.75, 15.5, 0.5], "rotation": [0, 0, 20], "uv": [17, 19]},
						{"origin": [2.93797, 15.70008, -0.13073], "size": [1, 4, 1], "pivot": [3.75, 14.75, 0.5], "rotation": [0, 0, 20], "uv": [0, 19]}
					]
				},
				{
					"name": "Arm",
					"parent": "UpperBody",
					"pivot": [0, 5.25, 0.25]
				},
				{
					"name": "RightArm",
					"parent": "Arm",
					"pivot": [-3.75, 5, 0],
					"cubes": [
						{"origin": [-5.76047, 3.4707, -1.73861], "size": [2, 2, 4], "pivot": [-4.5, 5.75, 0], "rotation": [0, 90, -30], "uv": [10, 55]}
					]
				},
				{
					"name": "RightHandLocator",
					"parent": "RightArm",
					"pivot": [-4.75, 3.5, -0.75],
					"rotation": [35, 0, 0]
				},
				{
					"name": "LeftArm",
					"parent": "Arm",
					"pivot": [3.75, 5, 0],
					"cubes": [
						{"origin": [3.76047, 3.4707, -1.73861], "size": [2, 2, 4], "pivot": [4.5, 5.75, 0], "rotation": [0, -90, 30], "uv": [10, 55], "mirror": true}
					]
				},
				{
					"name": "LeftHandLocator",
					"parent": "LeftArm",
					"pivot": [4.75, 3.75, 0]
				},
				{
					"name": "ElytraLocator",
					"parent": "UpperBody",
					"pivot": [0, 7, 3]
				},
				{
					"name": "DownBody",
					"parent": "AllBody",
					"pivot": [0, 5, 0.25]
				},
				{
					"name": "Body",
					"parent": "DownBody",
					"pivot": [0, 5, 0.25],
					"cubes": [
						{"origin": [-4.76047, 3.02279, -6], "size": [5, 3, 8], "pivot": [0, 14, -2], "rotation": [0, 90, 0], "uv": [23, 19]},
						{"origin": [-4.76047, 2.52279, -5], "size": [6, 4, 7], "pivot": [0, 13.5, -1.5], "rotation": [0, 90, 0], "uv": [23, 31]},
						{"origin": [-4.76047, 6.52279, -5], "size": [5, 1, 6], "pivot": [0, 12.5, -2], "rotation": [0, 90, 0], "uv": [44, 47]},
						{"origin": [-4.76047, 2.02279, -5], "size": [5, 1, 6], "pivot": [0, 13, -2], "rotation": [0, 90, 0], "uv": [44, 25]}
					]
				},
				{
					"name": "tail",
					"parent": "Body",
					"pivot": [0, 5, 3.25],
					"cubes": [
						{"origin": [-2.69579, 3.76283, 11.25], "size": [3, 3, 3], "pivot": [-5, 20.75, 7.75], "rotation": [0, 90, 0], "uv": [14, 43]},
						{"origin": [-6.19579, 3.76283, 8.25], "size": [5, 16, 6], "pivot": [-3.5, 20.75, 7.75], "rotation": [0, 90, 0], "uv": [0, 19]},
						{"origin": [-6.19579, 19.76283, 10.25], "size": [5, 1, 2], "pivot": [-3.5, 20.75, 7.75], "rotation": [0, 90, 0], "uv": [28, 4]},
						{"origin": [-3, 19.76283, 6.94579], "size": [6, 1, 2], "uv": [28, 0]},
						{"origin": [-6.19579, 2.76283, 10.25], "size": [5, 1, 2], "pivot": [-3.5, 20.75, 7.75], "rotation": [0, 90, 0], "uv": [28, 4]},
						{"origin": [-3, 2.76283, 6.94579], "size": [6, 1, 2], "uv": [28, 0]},
						{"origin": [-7.19579, 3.76283, 10.25], "size": [1, 16, 2], "pivot": [-3.5, 20.75, 7.75], "rotation": [0, 90, 0], "uv": [0, 66]},
						{"origin": [-6.19579, 5.76283, 8.25], "size": [1, 11, 4], "pivot": [-2.5, 20.75, 7.75], "rotation": [0, 90, 0], "uv": [30, 63]},
						{"origin": [-4, 3.76283, 6.55421], "size": [1, 16, 2], "pivot": [-3.5, 21, 7.75], "rotation": [0, 180, 0], "uv": [64, 33]},
						{"origin": [3, 5.76283, 5.55421], "size": [1, 11, 4], "pivot": [3.5, 21, 7.75], "rotation": [0, -180, 0], "uv": [59, 0], "mirror": true},
						{"origin": [3, 3.76283, 6.55421], "size": [1, 16, 2], "pivot": [3.5, 21, 7.75], "rotation": [0, -180, 0], "uv": [64, 33], "mirror": true},
						{"origin": [-4, 5.76283, 5.55421], "size": [1, 11, 4], "pivot": [-3.5, 21, 7.75], "rotation": [0, 180, 0], "uv": [59, 0]}
					]
				},
				{
					"name": "RightLeg",
					"parent": "DownBody",
					"pivot": [-1.75, 2, 0.25],
					"cubes": [
						{"origin": [-5.75, 0, -7.25], "size": [2, 2, 2], "pivot": [0, 15.75, -4.5], "rotation": [0, 90, 0], "uv": [0, 0]}
					]
				},
				{
					"name": "LeftLeg",
					"parent": "DownBody",
					"pivot": [1.75, 2, 0.25],
					"cubes": [
						{"origin": [3.75, 0, -7.25], "size": [2, 2, 2], "pivot": [0, 15.75, -4.5], "rotation": [0, -90, 0], "uv": [0, 0], "mirror": true}
					]
				}
			]
		}
	]
}