{
	"format_version": "1.12.0",
	"minecraft:geometry": [
		{
			"description": {
				"identifier": "geometry.unknown",
				"texture_width": 128,
				"texture_height": 128,
				"visible_bounds_width": 2,
				"visible_bounds_height": 2.5,
				"visible_bounds_offset": [0, 0.75, 0]
			},
			"bones": [
				{
					"name": "Root",
					"pivot": [0, 0, -8]
				},
				{
					"name": "MAllBody",
					"parent": "Root",
					"pivot": [0, 0, 0]
				},
				{
					"name": "AllBody",
					"parent": "MAllBody",
					"pivot": [0, 0, 0]
				},
				{
					"name": "UpBody",
					"parent": "AllBody",
					"pivot": [-0.25, 8.5, 0]
				},
				{
					"name": "MUpperBody",
					"parent": "UpBody",
					"pivot": [0, 8.25, -0.25]
				},
				{
					"name": "UpperBody",
					"parent": "MUpperBody",
					"pivot": [0, 8, -0.25]
				},
				{
					"name": "AllHead",
					"parent": "UpperBody",
					"pivot": [0, 8, -0.25]
				},
				{
					"name": "MHead",
					"parent": "AllHead",
					"pivot": [0, 8.25, 0]
				},
				{
					"name": "Head",
					"parent": "MHead",
					"pivot": [0, 8, 0],
					"cubes": [
						{"origin": [-4, 6.05, -4.75], "size": [8, 5, 9], "pivot": [0, 8.3, -0.25], "rotation": [0, 180, 0], "uv": [0, 0]},
						{"origin": [-5, 6.5, -2.25], "size": [1, 3, 4], "pivot": [0, 8.3, -0.25], "rotation": [0, 180, 0], "uv": [34, 7], "mirror": true},
						{"origin": [-4.475, 5.575, -3.35], "size": [1, 5, 6], "pivot": [0, 8.3, -0.25], "rotation": [0, 180, 0], "uv": [0, 32], "mirror": true},
						{"origin": [-4.725, 6, -2.75], "size": [1, 4, 5], "pivot": [0, 8.3, -0.25], "rotation": [0, 180, 0], "uv": [14, 37], "mirror": true},
						{"origin": [3.475, 5.625, -3.35], "size": [1, 5, 6], "pivot": [0, 8.3, -0.25], "rotation": [0, 180, 0], "uv": [0, 32]},
						{"origin": [3.725, 6, -2.75], "size": [1, 4, 5], "pivot": [0, 8.3, -0.25], "rotation": [0, 180, 0], "uv": [14, 37]},
						{"origin": [4.075, 6.5, -2.25], "size": [1, 3, 4], "pivot": [0, 8.3, -0.25], "rotation": [0, 180, 0], "uv": [34, 7]},
						{"origin": [-4, 5.425, -4.225], "size": [8, 1, 8], "pivot": [0, 8.3, -0.25], "rotation": [0, 180, 0], "uv": [0, 14]},
						{"origin": [-4.025, 4.9, -3.2], "size": [8, 1, 6], "pivot": [0, 8.3, -0.25], "rotation": [0, 180, 0], "uv": [43, 34]},
						{"origin": [-3.525, 4.9, -3.75], "size": [7, 1, 7], "pivot": [0, 8.3, -0.25], "rotation": [0, 180, 0], "uv": [24, 23]},
						{"origin": [-4, 10.4, -4.225], "size": [8, 1, 8], "pivot": [0, 8.3, -0.25], "rotation": [0, 180, 0], "uv": [0, 23]},
						{"origin": [-3.475, 10.7, -3.75], "size": [7, 1, 7], "pivot": [0, 8.3, -0.25], "rotation": [0, 180, 0], "uv": [24, 14]},
						{"origin": [-3, 11.075, -3.225], "size": [6, 1, 6], "pivot": [0, 8.3, -0.25], "rotation": [0, 180, 0], "uv": [25, 0]},
						{"origin": [-2.375, 11.425, -3.225], "size": [5, 1, 6], "pivot": [0, 8.3, -0.25], "rotation": [0, 180, 0], "uv": [26, 0]}
					]
				},
				{
					"name": "LeftShoulderLocator",
					"parent": "Head",
					"pivot": [2, 12.55, -0.25]
				},
				{
					"name": "RightShoulderLocator",
					"parent": "Head",
					"pivot": [-2.25, 12.55, -0.25]
				},
				{
					"name": "RightEar",
					"parent": "Head",
					"pivot": [-4.25, 10.25, -0.25],
					"cubes": [
						{"origin": [-5.98481, 9.52635, -0.75], "size": [2, 1, 1], "pivot": [-4.98481, 10.02635, -0.25], "rotation": [0, 180, -10], "uv": [0, 6], "mirror": true}
					]
				},
				{
					"name": "LeftEar",
					"parent": "Head",
					"pivot": [4, 10.25, -0.25],
					"cubes": [
						{"origin": [3.98481, 9.52635, -0.75], "size": [2, 1, 1], "pivot": [4.98481, 10.02635, -0.25], "rotation": [0, 180, 10], "uv": [0, 6]}
					]
				},
				{
					"name": "Arm",
					"parent": "UpperBody",
					"pivot": [0, 0, 0]
				},
				{
					"name": "RightArm",
					"parent": "Arm",
					"pivot": [-3, 4.75, 0],
					"cubes": [
						{"origin": [-4.01397, 3.06956, -0.55], "size": [1, 2, 1], "pivot": [-3.51397, 4.06956, -0.05], "rotation": [0, 0, 32.5], "uv": [4, 23]}
					]
				},
				{
					"name": "RightHandLocator",
					"parent": "RightArm",
					"pivot": [-3.85, 2.925, -0.55],
					"rotation": [32.5, 0, 0]
				},
				{
					"name": "LeftArm",
					"parent": "Arm",
					"pivot": [3, 4.75, 0],
					"cubes": [
						{"origin": [3.01397, 3.06956, -0.55], "size": [1, 2, 1], "pivot": [3.51397, 4.06956, -0.05], "rotation": [0, 0, -32.5], "uv": [4, 23], "mirror": true}
					]
				},
				{
					"name": "LeftHandLocator",
					"parent": "LeftArm",
					"pivot": [3.85, 3.425, -0.3]
				},
				{
					"name": "ElytraLocator",
					"parent": "UpperBody",
					"pivot": [0, 4.75, 2.5],
					"rotation": [0, 180, 0]
				},
				{
					"name": "DownBody",
					"parent": "AllBody",
					"pivot": [0, 4, 0]
				},
				{
					"name": "Body",
					"parent": "DownBody",
					"pivot": [0, 3.75, -0.25],
					"cubes": [
						{"origin": [1.85, 1.6, -2.3], "size": [1, 4, 4], "uv": [36, 40]},
						{"origin": [-2.5, 1.5, -2.75], "size": [5, 4, 5], "uv": [27, 31]},
						{"origin": [-2.5, 1.25, -2.3], "size": [5, 1, 4], "uv": [8, 32]},
						{"origin": [2.275, 2.075, -1.825], "size": [1, 3, 3], "uv": [0, 0]},
						{"origin": [-3.275, 2.075, -1.825], "size": [1, 3, 3], "uv": [0, 14]},
						{"origin": [-2.85, 1.6, -2.3], "size": [1, 4, 4], "uv": [26, 40]}
					]
				},
				{
					"name": "tail",
					"parent": "Body",
					"pivot": [0, 2.5, 2.25],
					"rotation": [0, 180, 0],
					"cubes": [
						{"origin": [-0.5, 2.24548, 1.07848], "size": [1, 1, 1], "pivot": [0, 2.74548, 1.57848], "rotation": [-37.5, 0, 0], "uv": [24, 16]},
						{"origin": [-0.5, 1.95, 1.75], "size": [1, 1, 1], "pivot": [0, 2.45, 2.25], "rotation": [-10, 0, 0], "uv": [24, 14]}
					]
				},
				{
					"name": "LeftLeg",
					"parent": "DownBody",
					"pivot": [2, 1.25, 0],
					"cubes": [
						{"origin": [1.425, 0.025, -0.45], "size": [1, 2, 1], "uv": [0, 23]}
					]
				},
				{
					"name": "RightLeg",
					"parent": "DownBody",
					"pivot": [-2, 1.25, 0],
					"cubes": [
						{"origin": [-2.45, 0.025, -0.45], "size": [1, 2, 1], "uv": [5, 0]}
					]
				}
			]
		}
	]
}