{
	"format_version": "1.12.0",
	"minecraft:geometry": [
		{
			"description": {
				"identifier": "geometry.unknown",
				"texture_width": 16,
				"texture_height": 16,
				"visible_bounds_width": 2,
				"visible_bounds_height": 2.5,
				"visible_bounds_offset": [0, 0.75, 0]
			},
			"bones": [
				{
					"name": "Root",
					"pivot": [0, 0, 0]
				},
				{
					"name": "MAllBody",
					"parent": "Root",
					"pivot": [0, 0, 0]
				},
				{
					"name": "AllBody",
					"parent": "MAllBody",
					"pivot": [0, 0, 0]
				},
				{
					"name": "UpBody",
					"parent": "AllBody",
					"pivot": [0, 0, 0]
				},
				{
					"name": "MUpperBody",
					"parent": "UpBody",
					"pivot": [0, 0, 0]
				},
				{
					"name": "UpperBody",
					"parent": "MUpperBody",
					"pivot": [0, 0, 0]
				},
				{
					"name": "AllHead",
					"parent": "UpperBody",
					"pivot": [0, 5.5, 0.5]
				},
				{
					"name": "MHead",
					"parent": "AllHead",
					"pivot": [0, 6, 0.25]
				},
				{
					"name": "Head",
					"parent": "MHead",
					"pivot": [0, 6, 0.5],
					"cubes": [
						{
							"origin": [-6.56141, 8.88954, 0],
							"size": [0.4, 0.8, 0],
							"pivot": [-6.16141, 9.68954, 0],
							"rotation": [0, 0, -95],
							"uv": {
								"north": {"uv": [12.5, 0.75], "uv_size": [-0.25, 0.25]},
								"east": {"uv": [0, 0], "uv_size": [0, 0.25]},
								"south": {"uv": [1.25, 12.25], "uv_size": [-0.25, 0.25]},
								"west": {"uv": [0, 0], "uv_size": [0, 0.25]},
								"up": {"uv": [0.25, 0], "uv_size": [-0.25, 0]},
								"down": {"uv": [0.25, 0], "uv_size": [-0.25, 0]}
							}
						},
						{
							"origin": [-6.56141, 7.88954, 0],
							"size": [0.4, 0.8, 0],
							"pivot": [-6.16141, 8.68954, 0],
							"rotation": [0, 0, -95],
							"uv": {
								"north": {"uv": [12.5, 0.75], "uv_size": [-0.25, 0.25]},
								"east": {"uv": [0, 0], "uv_size": [0, 0.25]},
								"south": {"uv": [1.25, 12.25], "uv_size": [-0.25, 0.25]},
								"west": {"uv": [0, 0], "uv_size": [0, 0.25]},
								"up": {"uv": [0.25, 0], "uv_size": [-0.25, 0]},
								"down": {"uv": [0.25, 0], "uv_size": [-0.25, 0]}
							}
						},
						{
							"origin": [-6.94354, 10.17538, 0],
							"size": [0.4, 0.8, 0],
							"pivot": [-5.07732, 10.12892, 0],
							"rotation": [0, 0, -105],
							"uv": {
								"north": {"uv": [12.25, 0.75], "uv_size": [0.25, 0.25]},
								"east": {"uv": [0, 0], "uv_size": [0, 0.25]},
								"south": {"uv": [1, 12.25], "uv_size": [0.25, 0.25]},
								"west": {"uv": [0, 0], "uv_size": [0, 0.25]},
								"up": {"uv": [0, 0], "uv_size": [0.25, 0]},
								"down": {"uv": [0, 0], "uv_size": [0.25, 0]}
							}
						},
						{
							"origin": [-5.98613, 6.60186, 0],
							"size": [0.4, 0.8, 0],
							"pivot": [-5.32732, 6.87892, 0],
							"rotation": [0, 0, -105],
							"uv": {
								"north": {"uv": [12.25, 0.75], "uv_size": [0.25, 0.25]},
								"east": {"uv": [0, 0], "uv_size": [0, 0.25]},
								"south": {"uv": [1, 12.25], "uv_size": [0.25, 0.25]},
								"west": {"uv": [0, 0], "uv_size": [0, 0.25]},
								"up": {"uv": [0, 0], "uv_size": [0.25, 0]},
								"down": {"uv": [0, 0], "uv_size": [0.25, 0]}
							}
						},
						{
							"origin": [-5.77732, 7.20392, 0],
							"size": [0.4, 0.8, 0],
							"pivot": [-5.57732, 7.60392, 0],
							"rotation": [0, 0, -97.5],
							"uv": {
								"north": {"uv": [12.5, 0.75], "uv_size": [-0.25, 0.25]},
								"east": {"uv": [0, 0], "uv_size": [0, 0.25]},
								"south": {"uv": [1.25, 12.25], "uv_size": [-0.25, 0.25]},
								"west": {"uv": [0, 0], "uv_size": [0, 0.25]},
								"up": {"uv": [0.25, 0], "uv_size": [-0.25, 0]},
								"down": {"uv": [0.25, 0], "uv_size": [-0.25, 0]}
							}
						},
						{
							"origin": [6.175, 8.45, 0.25],
							"size": [0.4, 0.8, 0],
							"pivot": [6.375, 8.85, 0.25],
							"rotation": [0, 0, 102.5],
							"uv": {
								"north": {"uv": [12.25, 0.75], "uv_size": [0.25, 0.25]},
								"east": {"uv": [0, 0], "uv_size": [0, 0.25]},
								"south": {"uv": [1, 12.25], "uv_size": [0.25, 0.25]},
								"west": {"uv": [0, 0], "uv_size": [0, 0.25]},
								"up": {"uv": [0, 0], "uv_size": [0.25, 0]},
								"down": {"uv": [0, 0], "uv_size": [0.25, 0]}
							}
						},
						{
							"origin": [7.34122, 8.17146, 0.25],
							"size": [0.4, 0.8, 0],
							"pivot": [5.875, 8.125, 0.25],
							"rotation": [0, 0, 105],
							"uv": {
								"north": {"uv": [12.5, 0.75], "uv_size": [-0.25, 0.25]},
								"east": {"uv": [0, 0], "uv_size": [0, 0.25]},
								"south": {"uv": [1.25, 12.25], "uv_size": [-0.25, 0.25]},
								"west": {"uv": [0, 0], "uv_size": [0, 0.25]},
								"up": {"uv": [0.25, 0], "uv_size": [-0.25, 0]},
								"down": {"uv": [0.25, 0], "uv_size": [-0.25, 0]}
							}
						},
						{
							"origin": [6.63381, 7.84794, 0.25],
							"size": [0.4, 0.8, 0],
							"pivot": [6.375, 8.125, 0.25],
							"rotation": [0, 0, 105],
							"uv": {
								"north": {"uv": [12.5, 0.75], "uv_size": [-0.25, 0.25]},
								"east": {"uv": [0, 0], "uv_size": [0, 0.25]},
								"south": {"uv": [1.25, 12.25], "uv_size": [-0.25, 0.25]},
								"west": {"uv": [0, 0], "uv_size": [0, 0.25]},
								"up": {"uv": [0.25, 0], "uv_size": [-0.25, 0]},
								"down": {"uv": [0.25, 0], "uv_size": [-0.25, 0]}
							}
						},
						{
							"origin": [6.175, 9.45, 0.25],
							"size": [0.4, 0.8, 0],
							"pivot": [6.375, 9.85, 0.25],
							"rotation": [0, 0, 97.5],
							"uv": {
								"north": {"uv": [12.25, 0.75], "uv_size": [0.25, 0.25]},
								"east": {"uv": [0, 0], "uv_size": [0, 0.25]},
								"south": {"uv": [1, 12.25], "uv_size": [0.25, 0.25]},
								"west": {"uv": [0, 0], "uv_size": [0, 0.25]},
								"up": {"uv": [0, 0], "uv_size": [0.25, 0]},
								"down": {"uv": [0, 0], "uv_size": [0.25, 0]}
							}
						},
						{
							"origin": [1.65, 13.35, 0.25],
							"size": [0.4, 0.8, 0],
							"pivot": [1.85, 13.75, 0.25],
							"rotation": [0, 0, 15],
							"uv": {
								"north": {"uv": [12.5, 0.75], "uv_size": [-0.25, 0.25]},
								"east": {"uv": [0, 0], "uv_size": [0, 0.25]},
								"south": {"uv": [1.25, 12.25], "uv_size": [-0.25, 0.25]},
								"west": {"uv": [0, 0], "uv_size": [0, 0.25]},
								"up": {"uv": [0.25, 0], "uv_size": [-0.25, 0]},
								"down": {"uv": [0.25, 0], "uv_size": [-0.25, 0]}
							}
						},
						{
							"origin": [0.4, 13.35, 0.25],
							"size": [0.4, 0.8, 0],
							"pivot": [0.6, 13.75, 0.25],
							"rotation": [0, 0, 15],
							"uv": {
								"north": {"uv": [12.5, 0.75], "uv_size": [-0.25, 0.25]},
								"east": {"uv": [0, 0], "uv_size": [0, 0.25]},
								"south": {"uv": [1.25, 12.25], "uv_size": [-0.25, 0.25]},
								"west": {"uv": [0, 0], "uv_size": [0, 0.25]},
								"up": {"uv": [0.25, 0], "uv_size": [-0.25, 0]},
								"down": {"uv": [0.25, 0], "uv_size": [-0.25, 0]}
							}
						},
						{
							"origin": [-1.8, 13.35, 0.25],
							"size": [0.4, 0.8, 0],
							"pivot": [-1.6, 13.75, 0.25],
							"rotation": [0, 0, -15],
							"uv": {
								"north": {"uv": [12.25, 0.75], "uv_size": [0.25, 0.25]},
								"east": {"uv": [0, 0], "uv_size": [0, 0.25]},
								"south": {"uv": [1, 12.25], "uv_size": [0.25, 0.25]},
								"west": {"uv": [0, 0], "uv_size": [0, 0.25]},
								"up": {"uv": [0, 0], "uv_size": [0.25, 0]},
								"down": {"uv": [0, 0], "uv_size": [0.25, 0]}
							}
						},
						{
							"origin": [-0.8, 13.35, 0.25],
							"size": [0.4, 0.8, 0],
							"pivot": [-0.6, 13.75, 0.25],
							"rotation": [0, 0, -15],
							"uv": {
								"north": {"uv": [12.25, 0.75], "uv_size": [0.25, 0.25]},
								"east": {"uv": [0, 0], "uv_size": [0, 0.25]},
								"south": {"uv": [1, 12.25], "uv_size": [0.25, 0.25]},
								"west": {"uv": [0, 0], "uv_size": [0, 0.25]},
								"up": {"uv": [0, 0], "uv_size": [0.25, 0]},
								"down": {"uv": [0, 0], "uv_size": [0.25, 0]}
							}
						},
						{
							"origin": [3.5693, 6.809, -4.0737],
							"size": [0.441, 0.6705, 0.0765],
							"uv": {
								"north": {"uv": [3.75, 11.25], "uv_size": [0.25, 0.25]},
								"east": {"uv": [11.25, 3.75], "uv_size": [0.25, 0.25]},
								"south": {"uv": [4, 11.25], "uv_size": [0.25, 0.25]},
								"west": {"uv": [11.25, 4], "uv_size": [0.25, 0.25]},
								"up": {"uv": [4.25, 11.25], "uv_size": [0.25, 0.25]},
								"down": {"uv": [11.25, 4.5], "uv_size": [0.25, -0.25]}
							}
						},
						{
							"origin": [2.2868, 6.449, -4.0737],
							"size": [1.521, 0.378, 0.0765],
							"uv": {
								"north": {"uv": [8.25, 5.75], "uv_size": [0.5, 0.25]},
								"east": {"uv": [3.5, 11.25], "uv_size": [0.25, 0.25]},
								"south": {"uv": [8.75, 5.75], "uv_size": [0.5, 0.25]},
								"west": {"uv": [11.25, 3.5], "uv_size": [0.25, 0.25]},
								"up": {"uv": [10.5, 7], "uv_size": [0.5, 0.25]},
								"down": {"uv": [10.5, 7.5], "uv_size": [0.5, -0.25]}
							}
						},
						{
							"origin": [2.3318, 6.7415, -4.1187],
							"size": [0.171, 0.558, 0.054],
							"pivot": [2.96855, 7.02613, -4.0917],
							"rotation": [0, 0, 15],
							"uv": {
								"north": {"uv": [2.75, 11.25], "uv_size": [0.25, 0.25]},
								"east": {"uv": [11.25, 2.75], "uv_size": [0.25, 0.25]},
								"south": {"uv": [3, 11.25], "uv_size": [0.25, 0.25]},
								"west": {"uv": [11.25, 3], "uv_size": [0.25, 0.25]},
								"up": {"uv": [3.25, 11.25], "uv_size": [0.25, 0.25]},
								"down": {"uv": [11.25, 3.5], "uv_size": [0.25, -0.25]}
							}
						},
						{
							"origin": [2.6918, 6.719, -4.1187],
							"size": [0.171, 0.738, 0.054],
							"pivot": [2.96855, 7.11613, -4.0917],
							"rotation": [0, 0, 15],
							"uv": {
								"north": {"uv": [11.25, 1.25], "uv_size": [0.25, 0.25]},
								"east": {"uv": [11.25, 1.5], "uv_size": [0.25, 0.25]},
								"south": {"uv": [11.25, 1.75], "uv_size": [0.25, 0.25]},
								"west": {"uv": [11.25, 2], "uv_size": [0.25, 0.25]},
								"up": {"uv": [11.25, 2.25], "uv_size": [0.25, 0.25]},
								"down": {"uv": [11.25, 2.75], "uv_size": [0.25, -0.25]}
							}
						},
						{
							"origin": [3.0968, 6.8315, -4.1187],
							"size": [0.171, 0.6255, 0.054],
							"pivot": [2.96855, 7.16113, -4.0917],
							"rotation": [0, 0, 15],
							"uv": {
								"north": {"uv": [10.25, 11], "uv_size": [0.25, 0.25]},
								"east": {"uv": [10.5, 11], "uv_size": [0.25, 0.25]},
								"south": {"uv": [11, 10.5], "uv_size": [0.25, 0.25]},
								"west": {"uv": [10.75, 11], "uv_size": [0.25, 0.25]},
								"up": {"uv": [11, 10.75], "uv_size": [0.25, 0.25]},
								"down": {"uv": [11, 11.25], "uv_size": [0.25, -0.25]}
							}
						},
						{
							"origin": [3.4343, 6.899, -4.1187],
							"size": [0.171, 0.468, 0.054],
							"pivot": [2.96855, 7.11613, -4.0917],
							"rotation": [0, 0, 15],
							"uv": {
								"north": {"uv": [8, 11], "uv_size": [0.25, 0.25]},
								"east": {"uv": [8.25, 11], "uv_size": [0.25, 0.25]},
								"south": {"uv": [8.5, 11], "uv_size": [0.25, 0.25]},
								"west": {"uv": [8.75, 11], "uv_size": [0.25, 0.25]},
								"up": {"uv": [9, 11], "uv_size": [0.25, 0.25]},
								"down": {"uv": [10, 11.25], "uv_size": [0.25, -0.25]}
							}
						},
						{
							"origin": [2.1293, 6.719, -4.0737],
							"size": [1.476, 1.053, 0.0765],
							"uv": {
								"north": {"uv": [5, 11], "uv_size": [0.25, 0.25]},
								"east": {"uv": [5.25, 11], "uv_size": [0.25, 0.25]},
								"south": {"uv": [5.5, 11], "uv_size": [0.25, 0.25]},
								"west": {"uv": [11, 7], "uv_size": [0.25, 0.25]},
								"up": {"uv": [11, 7.25], "uv_size": [0.25, 0.25]},
								"down": {"uv": [7.75, 11.25], "uv_size": [0.25, -0.25]}
							}
						},
						{
							"origin": [1.8593, 6.809, -4.0737],
							"size": [0.2835, 0.7155, 0.0765],
							"uv": {
								"north": {"uv": [11, 2], "uv_size": [0.25, 0.25]},
								"east": {"uv": [11, 2.25], "uv_size": [0.25, 0.25]},
								"south": {"uv": [11, 2.5], "uv_size": [0.25, 0.25]},
								"west": {"uv": [4.25, 11], "uv_size": [0.25, 0.25]},
								"up": {"uv": [4.5, 11], "uv_size": [0.25, 0.25]},
								"down": {"uv": [4.75, 11.25], "uv_size": [0.25, -0.25]}
							}
						},
						{
							"origin": [-1.9307, 6.809, -4.0737],
							"size": [0.441, 0.6705, 0.0765],
							"uv": {
								"north": {"uv": [0.75, 12], "uv_size": [0.25, 0.25]},
								"east": {"uv": [12, 0.75], "uv_size": [0.25, 0.25]},
								"south": {"uv": [1, 12], "uv_size": [0.25, 0.25]},
								"west": {"uv": [12, 1], "uv_size": [0.25, 0.25]},
								"up": {"uv": [1.25, 12], "uv_size": [0.25, 0.25]},
								"down": {"uv": [12, 1.5], "uv_size": [0.25, -0.25]}
							}
						},
						{
							"origin": [-3.2132, 6.449, -4.0737],
							"size": [1.521, 0.378, 0.0765],
							"uv": {
								"north": {"uv": [10.75, 2.75], "uv_size": [0.5, 0.25]},
								"east": {"uv": [0.5, 12], "uv_size": [0.25, 0.25]},
								"south": {"uv": [10.75, 3], "uv_size": [0.5, 0.25]},
								"west": {"uv": [12, 0.5], "uv_size": [0.25, 0.25]},
								"up": {"uv": [10.75, 3.25], "uv_size": [0.5, 0.25]},
								"down": {"uv": [10.75, 3.75], "uv_size": [0.5, -0.25]}
							}
						},
						{
							"origin": [-3.1682, 6.7415, -4.1187],
							"size": [0.171, 0.558, 0.054],
							"pivot": [-2.53145, 7.02613, -4.0917],
							"rotation": [0, 0, 15],
							"uv": {
								"north": {"uv": [11.75, 11.5], "uv_size": [0.25, 0.25]},
								"east": {"uv": [11.75, 11.75], "uv_size": [0.25, 0.25]},
								"south": {"uv": [0, 12], "uv_size": [0.25, 0.25]},
								"west": {"uv": [12, 0], "uv_size": [0.25, 0.25]},
								"up": {"uv": [0.25, 12], "uv_size": [0.25, 0.25]},
								"down": {"uv": [12, 0.5], "uv_size": [0.25, -0.25]}
							}
						},
						{
							"origin": [-2.8082, 6.719, -4.1187],
							"size": [0.171, 0.738, 0.054],
							"pivot": [-2.53145, 7.11613, -4.0917],
							"rotation": [0, 0, 15],
							"uv": {
								"north": {"uv": [11.75, 10.75], "uv_size": [0.25, 0.25]},
								"east": {"uv": [11, 11.75], "uv_size": [0.25, 0.25]},
								"south": {"uv": [11.75, 11], "uv_size": [0.25, 0.25]},
								"west": {"uv": [11.25, 11.75], "uv_size": [0.25, 0.25]},
								"up": {"uv": [11.75, 11.25], "uv_size": [0.25, 0.25]},
								"down": {"uv": [11.5, 12], "uv_size": [0.25, -0.25]}
							}
						},
						{
							"origin": [-2.4032, 6.8315, -4.1187],
							"size": [0.171, 0.6255, 0.054],
							"pivot": [-2.53145, 7.16113, -4.0917],
							"rotation": [0, 0, 15],
							"uv": {
								"north": {"uv": [11.75, 10], "uv_size": [0.25, 0.25]},
								"east": {"uv": [10.25, 11.75], "uv_size": [0.25, 0.25]},
								"south": {"uv": [11.75, 10.25], "uv_size": [0.25, 0.25]},
								"west": {"uv": [10.5, 11.75], "uv_size": [0.25, 0.25]},
								"up": {"uv": [11.75, 10.5], "uv_size": [0.25, 0.25]},
								"down": {"uv": [10.75, 12], "uv_size": [0.25, -0.25]}
							}
						},
						{
							"origin": [-2.0657, 6.899, -4.1187],
							"size": [0.171, 0.468, 0.054],
							"pivot": [-2.53145, 7.11613, -4.0917],
							"rotation": [0, 0, 15],
							"uv": {
								"north": {"uv": [11.75, 9.25], "uv_size": [0.25, 0.25]},
								"east": {"uv": [9.5, 11.75], "uv_size": [0.25, 0.25]},
								"south": {"uv": [11.75, 9.5], "uv_size": [0.25, 0.25]},
								"west": {"uv": [9.75, 11.75], "uv_size": [0.25, 0.25]},
								"up": {"uv": [11.75, 9.75], "uv_size": [0.25, 0.25]},
								"down": {"uv": [10, 12], "uv_size": [0.25, -0.25]}
							}
						},
						{
							"origin": [-3.3707, 6.719, -4.0737],
							"size": [1.476, 1.053, 0.0765],
							"uv": {
								"north": {"uv": [11.75, 8.5], "uv_size": [0.25, 0.25]},
								"east": {"uv": [8.75, 11.75], "uv_size": [0.25, 0.25]},
								"south": {"uv": [11.75, 8.75], "uv_size": [0.25, 0.25]},
								"west": {"uv": [9, 11.75], "uv_size": [0.25, 0.25]},
								"up": {"uv": [11.75, 9], "uv_size": [0.25, 0.25]},
								"down": {"uv": [9.25, 12], "uv_size": [0.25, -0.25]}
							}
						},
						{
							"origin": [-3.6407, 6.809, -4.0737],
							"size": [0.2835, 0.7155, 0.0765],
							"uv": {
								"north": {"uv": [11.75, 7.75], "uv_size": [0.25, 0.25]},
								"east": {"uv": [8, 11.75], "uv_size": [0.25, 0.25]},
								"south": {"uv": [11.75, 8], "uv_size": [0.25, 0.25]},
								"west": {"uv": [8.25, 11.75], "uv_size": [0.25, 0.25]},
								"up": {"uv": [11.75, 8.25], "uv_size": [0.25, 0.25]},
								"down": {"uv": [8.5, 12], "uv_size": [0.25, -0.25]}
							}
						},
						{
							"origin": [-2.64294, 10.01844, -4.02723],
							"size": [1.2952, 0.37878, 0.03213],
							"pivot": [-2.32428, 10.11812, -4.025],
							"rotation": [0, 0, 52.5],
							"uv": {
								"north": {"uv": [6.5, 12.25], "uv_size": [0.25, 0.25]},
								"east": {"uv": [12.25, 6.5], "uv_size": [0.25, 0.25]},
								"south": {"uv": [6.75, 12.25], "uv_size": [0.25, 0.25]},
								"west": {"uv": [12.25, 6.75], "uv_size": [0.25, 0.25]},
								"up": {"uv": [7, 12.25], "uv_size": [0.25, 0.25]},
								"down": {"uv": [12.25, 7.25], "uv_size": [0.25, -0.25]}
							}
						},
						{
							"origin": [-2.75368, 10.52843, -4.02723],
							"size": [0.43947, 0.11349, 0.03213],
							"pivot": [-2.5335, 10.5522, -4.025],
							"rotation": [0, 0, 25],
							"uv": {
								"north": {"uv": [7.25, 12.25], "uv_size": [0.25, 0.25]},
								"east": {"uv": [12.25, 7.25], "uv_size": [0.25, 0.25]},
								"south": {"uv": [7.5, 12.25], "uv_size": [0.25, 0.25]},
								"west": {"uv": [12.25, 7.5], "uv_size": [0.25, 0.25]},
								"up": {"uv": [7.75, 12.25], "uv_size": [0.25, 0.25]},
								"down": {"uv": [12.25, 8], "uv_size": [0.25, -0.25]}
							}
						},
						{
							"origin": [-2.64099, 10.42935, -4.02723],
							"size": [0.24011, 0.17329, 0.03213],
							"pivot": [-2.54043, 10.51293, -4.025],
							"rotation": [0, 0, 50],
							"uv": {
								"north": {"uv": [8, 12.25], "uv_size": [0.25, 0.25]},
								"east": {"uv": [12.25, 8], "uv_size": [0.25, 0.25]},
								"south": {"uv": [8.25, 12.25], "uv_size": [0.25, 0.25]},
								"west": {"uv": [12.25, 8.25], "uv_size": [0.25, 0.25]},
								"up": {"uv": [8.5, 12.25], "uv_size": [0.25, 0.25]},
								"down": {"uv": [12.25, 8.75], "uv_size": [0.25, -0.25]}
							}
						},
						{
							"origin": [-2.73794, 10.45746, -4.02723],
							"size": [0.35885, 0.09968, 0.03213],
							"pivot": [-2.59839, 10.54717, -4.025],
							"rotation": [0, 0, 67.5],
							"uv": {
								"north": {"uv": [8.75, 12.25], "uv_size": [0.25, 0.25]},
								"east": {"uv": [12.25, 8.75], "uv_size": [0.25, 0.25]},
								"south": {"uv": [9, 12.25], "uv_size": [0.25, 0.25]},
								"west": {"uv": [12.25, 9], "uv_size": [0.25, 0.25]},
								"up": {"uv": [9.25, 12.25], "uv_size": [0.25, 0.25]},
								"down": {"uv": [12.25, 9.5], "uv_size": [0.25, -0.25]}
							}
						},
						{
							"origin": [-1.7924, 9.24754, -4.02723],
							"size": [0.43947, 0.11349, 0.03213],
							"pivot": [-1.57222, 9.27132, -4.025],
							"rotation": [0, 0, -155],
							"uv": {
								"north": {"uv": [9.5, 12.25], "uv_size": [0.25, 0.25]},
								"east": {"uv": [12.25, 9.5], "uv_size": [0.25, 0.25]},
								"south": {"uv": [9.75, 12.25], "uv_size": [0.25, 0.25]},
								"west": {"uv": [12.25, 9.75], "uv_size": [0.25, 0.25]},
								"up": {"uv": [10, 12.25], "uv_size": [0.25, 0.25]},
								"down": {"uv": [12.25, 10.25], "uv_size": [0.25, -0.25]}
							}
						},
						{
							"origin": [-1.64689, 9.18663, -4.02723],
							"size": [0.35885, 0.09968, 0.03213],
							"pivot": [-1.50734, 9.27635, -4.025],
							"rotation": [0, 0, -112.5],
							"uv": {
								"north": {"uv": [10.25, 12.25], "uv_size": [0.25, 0.25]},
								"east": {"uv": [12.25, 10.25], "uv_size": [0.25, 0.25]},
								"south": {"uv": [10.5, 12.25], "uv_size": [0.25, 0.25]},
								"west": {"uv": [12.25, 10.5], "uv_size": [0.25, 0.25]},
								"up": {"uv": [10.75, 12.25], "uv_size": [0.25, 0.25]},
								"down": {"uv": [12.25, 11], "uv_size": [0.25, -0.25]}
							}
						},
						{
							"origin": [-1.66586, 9.227, -4.02723],
							"size": [0.24011, 0.17329, 0.03213],
							"pivot": [-1.5653, 9.31059, -4.025],
							"rotation": [0, 0, -130],
							"uv": {
								"north": {"uv": [11, 12.25], "uv_size": [0.25, 0.25]},
								"east": {"uv": [12.25, 11], "uv_size": [0.25, 0.25]},
								"south": {"uv": [11.25, 12.25], "uv_size": [0.25, 0.25]},
								"west": {"uv": [12.25, 11.25], "uv_size": [0.25, 0.25]},
								"up": {"uv": [11.5, 12.25], "uv_size": [0.25, 0.25]},
								"down": {"uv": [12.25, 11.75], "uv_size": [0.25, -0.25]}
							}
						},
						{
							"origin": [-2.61052, 10.03209, -4.04849],
							"size": [1.1745, 0.29754, 0.04698],
							"pivot": [-2.28166, 10.11039, -4.025],
							"rotation": [0, 0, 52.5],
							"uv": {
								"north": {"uv": [7.75, 12], "uv_size": [0.25, 0.25]},
								"east": {"uv": [12, 7.75], "uv_size": [0.25, 0.25]},
								"south": {"uv": [8, 12], "uv_size": [0.25, 0.25]},
								"west": {"uv": [12, 8], "uv_size": [0.25, 0.25]},
								"up": {"uv": [8.25, 12], "uv_size": [0.25, 0.25]},
								"down": {"uv": [12, 8.5], "uv_size": [0.25, -0.25]}
							}
						},
						{
							"origin": [-2.66678, 10.49501, -4.04849],
							"size": [0.34521, 0.08915, 0.04698],
							"pivot": [-2.49383, 10.51369, -4.025],
							"rotation": [0, 0, 25],
							"uv": {
								"north": {"uv": [8.5, 12], "uv_size": [0.25, 0.25]},
								"east": {"uv": [12, 8.5], "uv_size": [0.25, 0.25]},
								"south": {"uv": [8.75, 12], "uv_size": [0.25, 0.25]},
								"west": {"uv": [12, 8.75], "uv_size": [0.25, 0.25]},
								"up": {"uv": [9, 12], "uv_size": [0.25, 0.25]},
								"down": {"uv": [12, 9.25], "uv_size": [0.25, -0.25]}
							}
						},
						{
							"origin": [-2.57826, 10.41719, -4.04849],
							"size": [0.18861, 0.13613, 0.04698],
							"pivot": [-2.49927, 10.48285, -4.025],
							"rotation": [0, 0, 50],
							"uv": {
								"north": {"uv": [9.25, 12], "uv_size": [0.25, 0.25]},
								"east": {"uv": [12, 9.25], "uv_size": [0.25, 0.25]},
								"south": {"uv": [9.5, 12], "uv_size": [0.25, 0.25]},
								"west": {"uv": [12, 9.5], "uv_size": [0.25, 0.25]},
								"up": {"uv": [9.75, 12], "uv_size": [0.25, 0.25]},
								"down": {"uv": [12, 10], "uv_size": [0.25, -0.25]}
							}
						},
						{
							"origin": [-2.65441, 10.43927, -4.04849],
							"size": [0.28188, 0.0783, 0.04698],
							"pivot": [-2.54479, 10.50974, -4.025],
							"rotation": [0, 0, 67.5],
							"uv": {
								"north": {"uv": [10, 12], "uv_size": [0.25, 0.25]},
								"east": {"uv": [12, 10], "uv_size": [0.25, 0.25]},
								"south": {"uv": [10.25, 12], "uv_size": [0.25, 0.25]},
								"west": {"uv": [12, 10.25], "uv_size": [0.25, 0.25]},
								"up": {"uv": [10.5, 12], "uv_size": [0.25, 0.25]},
								"down": {"uv": [12, 10.75], "uv_size": [0.25, -0.25]}
							}
						},
						{
							"origin": [-1.81604, 9.36422, -4.04849],
							"size": [0.34521, 0.08915, 0.04698],
							"pivot": [-1.64309, 9.3829, -4.025],
							"rotation": [0, 0, -155],
							"uv": {
								"north": {"uv": [10.75, 12], "uv_size": [0.25, 0.25]},
								"east": {"uv": [12, 10.75], "uv_size": [0.25, 0.25]},
								"south": {"uv": [11, 12], "uv_size": [0.25, 0.25]},
								"west": {"uv": [12, 11], "uv_size": [0.25, 0.25]},
								"up": {"uv": [11.25, 12], "uv_size": [0.25, 0.25]},
								"down": {"uv": [12, 11.5], "uv_size": [0.25, -0.25]}
							}
						},
						{
							"origin": [-1.70174, 9.31638, -4.04849],
							"size": [0.28188, 0.0783, 0.04698],
							"pivot": [-1.59212, 9.38685, -4.025],
							"rotation": [0, 0, -112.5],
							"uv": {
								"north": {"uv": [11.5, 12], "uv_size": [0.25, 0.25]},
								"east": {"uv": [12, 11.5], "uv_size": [0.25, 0.25]},
								"south": {"uv": [11.75, 12], "uv_size": [0.25, 0.25]},
								"west": {"uv": [12, 11.75], "uv_size": [0.25, 0.25]},
								"up": {"uv": [12, 12], "uv_size": [0.25, 0.25]},
								"down": {"uv": [0, 12.5], "uv_size": [0.25, -0.25]}
							}
						},
						{
							"origin": [-1.71664, 9.34809, -4.04849],
							"size": [0.18861, 0.13613, 0.04698],
							"pivot": [-1.63765, 9.41374, -4.025],
							"rotation": [0, 0, -130],
							"uv": {
								"north": {"uv": [12.25, 0], "uv_size": [0.25, 0.25]},
								"east": {"uv": [0.25, 12.25], "uv_size": [0.25, 0.25]},
								"south": {"uv": [12.25, 0.25], "uv_size": [0.25, 0.25]},
								"west": {"uv": [0.5, 12.25], "uv_size": [0.25, 0.25]},
								"up": {"uv": [12.25, 0.5], "uv_size": [0.25, 0.25]},
								"down": {"uv": [0.75, 12.5], "uv_size": [0.25, -0.25]}
							}
						},
						{
							"origin": [-2.82517, 9.33969, -4.04551],
							"size": [1.87565, 0.5765, 0.06241],
							"pivot": [-2.38799, 9.4914, -4],
							"rotation": [0, 0, -37.5],
							"uv": {
								"north": {"uv": [12.25, 1], "uv_size": [0.5, 0.25]},
								"east": {"uv": [1.75, 12.25], "uv_size": [0.25, 0.25]},
								"south": {"uv": [1.25, 12.25], "uv_size": [0.5, 0.25]},
								"west": {"uv": [12.25, 1.75], "uv_size": [0.25, 0.25]},
								"up": {"uv": [12.25, 1.25], "uv_size": [0.5, 0.25]},
								"down": {"uv": [12.25, 1.75], "uv_size": [0.5, -0.25]}
							}
						},
						{
							"origin": [-3.34583, 9.16588, -4.04551],
							"size": [0.66886, 0.17272, 0.06241],
							"pivot": [-3.01073, 9.20207, -4],
							"rotation": [0, 0, -65],
							"uv": {
								"north": {"uv": [2, 12.25], "uv_size": [0.25, 0.25]},
								"east": {"uv": [12.25, 2], "uv_size": [0.25, 0.25]},
								"south": {"uv": [2.25, 12.25], "uv_size": [0.25, 0.25]},
								"west": {"uv": [12.25, 2.25], "uv_size": [0.25, 0.25]},
								"up": {"uv": [2.5, 12.25], "uv_size": [0.25, 0.25]},
								"down": {"uv": [12.25, 2.75], "uv_size": [0.25, -0.25]}
							}
						},
						{
							"origin": [-3.10402, 9.06432, -4.04551],
							"size": [0.36545, 0.26375, 0.06241],
							"pivot": [-2.95097, 9.19153, -4],
							"rotation": [0, 0, -40],
							"uv": {
								"north": {"uv": [2.75, 12.25], "uv_size": [0.25, 0.25]},
								"east": {"uv": [12.25, 2.75], "uv_size": [0.25, 0.25]},
								"south": {"uv": [3, 12.25], "uv_size": [0.25, 0.25]},
								"west": {"uv": [12.25, 3], "uv_size": [0.25, 0.25]},
								"up": {"uv": [3.25, 12.25], "uv_size": [0.25, 0.25]},
								"down": {"uv": [12.25, 3.5], "uv_size": [0.25, -0.25]}
							}
						},
						{
							"origin": [-3.21547, 8.96678, -4.04551],
							"size": [0.54616, 0.15171, 0.06241],
							"pivot": [-3.00308, 9.10332, -4],
							"rotation": [0, 0, -22.5],
							"uv": {
								"north": {"uv": [3.5, 12.25], "uv_size": [0.25, 0.25]},
								"east": {"uv": [12.25, 3.5], "uv_size": [0.25, 0.25]},
								"south": {"uv": [3.75, 12.25], "uv_size": [0.25, 0.25]},
								"west": {"uv": [12.25, 3.75], "uv_size": [0.25, 0.25]},
								"up": {"uv": [4, 12.25], "uv_size": [0.25, 0.25]},
								"down": {"uv": [12.25, 4.25], "uv_size": [0.25, -0.25]}
							}
						},
						{
							"origin": [-1.47222, 10.57073, -4.04551],
							"size": [0.66886, 0.17272, 0.06241],
							"pivot": [-1.13711, 10.60691, -4],
							"rotation": [0, 0, 115],
							"uv": {
								"north": {"uv": [4.25, 12.25], "uv_size": [0.25, 0.25]},
								"east": {"uv": [12.25, 4.25], "uv_size": [0.25, 0.25]},
								"south": {"uv": [4.5, 12.25], "uv_size": [0.25, 0.25]},
								"west": {"uv": [12.25, 4.5], "uv_size": [0.25, 0.25]},
								"up": {"uv": [4.75, 12.25], "uv_size": [0.25, 0.25]},
								"down": {"uv": [12.25, 5], "uv_size": [0.25, -0.25]}
							}
						},
						{
							"origin": [-1.35716, 10.56913, -4.04551],
							"size": [0.54616, 0.15171, 0.06241],
							"pivot": [-1.14476, 10.70566, -4],
							"rotation": [0, 0, 157.5],
							"uv": {
								"north": {"uv": [5, 12.25], "uv_size": [0.25, 0.25]},
								"east": {"uv": [12.25, 5], "uv_size": [0.25, 0.25]},
								"south": {"uv": [5.25, 12.25], "uv_size": [0.25, 0.25]},
								"west": {"uv": [12.25, 5.25], "uv_size": [0.25, 0.25]},
								"up": {"uv": [5.5, 12.25], "uv_size": [0.25, 0.25]},
								"down": {"uv": [12.25, 5.75], "uv_size": [0.25, -0.25]}
							}
						},
						{
							"origin": [-1.34993, 10.49024, -4.04551],
							"size": [0.36545, 0.26375, 0.06241],
							"pivot": [-1.19687, 10.61745, -4],
							"rotation": [0, 0, 140],
							"uv": {
								"north": {"uv": [5.75, 12.25], "uv_size": [0.25, 0.25]},
								"east": {"uv": [12.25, 5.75], "uv_size": [0.25, 0.25]},
								"south": {"uv": [6, 12.25], "uv_size": [0.25, 0.25]},
								"west": {"uv": [12.25, 6], "uv_size": [0.25, 0.25]},
								"up": {"uv": [6.25, 12.25], "uv_size": [0.25, 0.25]},
								"down": {"uv": [12.25, 6.5], "uv_size": [0.25, -0.25]}
							}
						},
						{
							"origin": [-2.79997, 9.46397, -4.05875],
							"size": [1.6875, 0.4275, 0.0675],
							"pivot": [-2.32747, 9.57647, -4.025],
							"rotation": [0, 0, -37.5],
							"uv": {
								"north": {"uv": [10.75, 9.5], "uv_size": [0.5, 0.25]},
								"east": {"uv": [3, 12], "uv_size": [0.25, 0.25]},
								"south": {"uv": [10.75, 9.75], "uv_size": [0.5, 0.25]},
								"west": {"uv": [12, 3], "uv_size": [0.25, 0.25]},
								"up": {"uv": [10.75, 10], "uv_size": [0.5, 0.25]},
								"down": {"uv": [10.75, 10.5], "uv_size": [0.5, -0.25]}
							}
						},
						{
							"origin": [-3.15542, 9.2448, -4.05875],
							"size": [0.49599, 0.12808, 0.0675],
							"pivot": [-2.90693, 9.27164, -4.025],
							"rotation": [0, 0, -65],
							"uv": {
								"north": {"uv": [3.25, 12], "uv_size": [0.25, 0.25]},
								"east": {"uv": [12, 3.25], "uv_size": [0.25, 0.25]},
								"south": {"uv": [3.5, 12], "uv_size": [0.25, 0.25]},
								"west": {"uv": [12, 3.5], "uv_size": [0.25, 0.25]},
								"up": {"uv": [3.75, 12], "uv_size": [0.25, 0.25]},
								"down": {"uv": [12, 4], "uv_size": [0.25, -0.25]}
							}
						},
						{
							"origin": [-2.97611, 9.16949, -4.05875],
							"size": [0.27099, 0.19558, 0.0675],
							"pivot": [-2.86261, 9.26382, -4.025],
							"rotation": [0, 0, -40],
							"uv": {
								"north": {"uv": [4.75, 12], "uv_size": [0.25, 0.25]},
								"east": {"uv": [12, 4.75], "uv_size": [0.25, 0.25]},
								"south": {"uv": [5, 12], "uv_size": [0.25, 0.25]},
								"west": {"uv": [12, 5], "uv_size": [0.25, 0.25]},
								"up": {"uv": [5.25, 12], "uv_size": [0.25, 0.25]},
								"down": {"uv": [12, 5.5], "uv_size": [0.25, -0.25]}
							}
						},
						{
							"origin": [-3.05876, 9.09716, -4.05875],
							"size": [0.405, 0.1125, 0.0675],
							"pivot": [-2.90126, 9.19841, -4.025],
							"rotation": [0, 0, -22.5],
							"uv": {
								"north": {"uv": [4, 12], "uv_size": [0.25, 0.25]},
								"east": {"uv": [12, 4], "uv_size": [0.25, 0.25]},
								"south": {"uv": [4.25, 12], "uv_size": [0.25, 0.25]},
								"west": {"uv": [12, 4.25], "uv_size": [0.25, 0.25]},
								"up": {"uv": [4.5, 12], "uv_size": [0.25, 0.25]},
								"down": {"uv": [12, 4.75], "uv_size": [0.25, -0.25]}
							}
						},
						{
							"origin": [-1.53073, 10.46713, -4.05875],
							"size": [0.49599, 0.12808, 0.0675],
							"pivot": [-1.28223, 10.49396, -4.025],
							"rotation": [0, 0, 115],
							"uv": {
								"north": {"uv": [5.5, 12], "uv_size": [0.25, 0.25]},
								"east": {"uv": [12, 5.5], "uv_size": [0.25, 0.25]},
								"south": {"uv": [5.75, 12], "uv_size": [0.25, 0.25]},
								"west": {"uv": [12, 5.75], "uv_size": [0.25, 0.25]},
								"up": {"uv": [6, 12], "uv_size": [0.25, 0.25]},
								"down": {"uv": [12, 6.25], "uv_size": [0.25, -0.25]}
							}
						},
						{
							"origin": [-1.4454, 10.46594, -4.05875],
							"size": [0.405, 0.1125, 0.0675],
							"pivot": [-1.2879, 10.56719, -4.025],
							"rotation": [0, 0, 157.5],
							"uv": {
								"north": {"uv": [6.25, 12], "uv_size": [0.25, 0.25]},
								"east": {"uv": [12, 6.25], "uv_size": [0.25, 0.25]},
								"south": {"uv": [6.5, 12], "uv_size": [0.25, 0.25]},
								"west": {"uv": [12, 6.5], "uv_size": [0.25, 0.25]},
								"up": {"uv": [6.75, 12], "uv_size": [0.25, 0.25]},
								"down": {"uv": [12, 7], "uv_size": [0.25, -0.25]}
							}
						},
						{
							"origin": [-1.44004, 10.40745, -4.05875],
							"size": [0.27099, 0.19558, 0.0675],
							"pivot": [-1.32655, 10.50178, -4.025],
							"rotation": [0, 0, 140],
							"uv": {
								"north": {"uv": [7, 12], "uv_size": [0.25, 0.25]},
								"east": {"uv": [12, 7], "uv_size": [0.25, 0.25]},
								"south": {"uv": [7.25, 12], "uv_size": [0.25, 0.25]},
								"west": {"uv": [12, 7.25], "uv_size": [0.25, 0.25]},
								"up": {"uv": [7.5, 12], "uv_size": [0.25, 0.25]},
								"down": {"uv": [12, 7.75], "uv_size": [0.25, -0.25]}
							}
						},
						{
							"origin": [-4.53381, 11.84794, 0.25],
							"size": [0.4, 1.1, 0],
							"pivot": [-3.875, 12.425, 0.25],
							"rotation": [0, 0, -60],
							"uv": {
								"north": {"uv": [12.25, 0.75], "uv_size": [0.25, 0.25]},
								"east": {"uv": [0, 0], "uv_size": [0, 0.25]},
								"south": {"uv": [1, 12.25], "uv_size": [0.25, 0.25]},
								"west": {"uv": [0, 0], "uv_size": [0, 0.25]},
								"up": {"uv": [0, 0], "uv_size": [0.25, 0]},
								"down": {"uv": [0, 0], "uv_size": [0.25, 0]}
							}
						},
						{
							"origin": [-3.6247, 12.03764, 0.25],
							"size": [0.4, 0.8, 0],
							"pivot": [-4.125, 12.25, 0.25],
							"rotation": [0, 0, -30],
							"uv": {
								"north": {"uv": [12.5, 0.75], "uv_size": [-0.25, 0.25]},
								"east": {"uv": [0, 0], "uv_size": [0, 0.25]},
								"south": {"uv": [1.25, 12.25], "uv_size": [-0.25, 0.25]},
								"west": {"uv": [0, 0], "uv_size": [0, 0.25]},
								"up": {"uv": [0.25, 0], "uv_size": [-0.25, 0]},
								"down": {"uv": [0.25, 0], "uv_size": [-0.25, 0]}
							}
						},
						{
							"origin": [-2.40878, 12.04646, 0.25],
							"size": [0.4, 0.8, 0],
							"pivot": [-3.875, 12, 0.25],
							"rotation": [0, 0, -30],
							"uv": {
								"north": {"uv": [12.5, 0.75], "uv_size": [-0.25, 0.25]},
								"east": {"uv": [0, 0], "uv_size": [0, 0.25]},
								"south": {"uv": [1.25, 12.25], "uv_size": [-0.25, 0.25]},
								"west": {"uv": [0, 0], "uv_size": [0, 0.25]},
								"up": {"uv": [0.25, 0], "uv_size": [-0.25, 0]},
								"down": {"uv": [0.25, 0], "uv_size": [-0.25, 0]}
							}
						},
						{
							"origin": [3.7247, 12.03764, 0.25],
							"size": [0.4, 0.8, 0],
							"pivot": [4.625, 12.25, 0.25],
							"rotation": [0, 0, 30],
							"uv": {
								"north": {"uv": [12.25, 0.75], "uv_size": [0.25, 0.25]},
								"east": {"uv": [0, 0], "uv_size": [0, 0.25]},
								"south": {"uv": [1, 12.25], "uv_size": [0.25, 0.25]},
								"west": {"uv": [0, 0], "uv_size": [0, 0.25]},
								"up": {"uv": [0, 0], "uv_size": [0.25, 0]},
								"down": {"uv": [0, 0], "uv_size": [0.25, 0]}
							}
						},
						{
							"origin": [2.50878, 12.04646, 0.25],
							"size": [0.4, 0.8, 0],
							"pivot": [4.375, 12, 0.25],
							"rotation": [0, 0, 30],
							"uv": {
								"north": {"uv": [12.25, 0.75], "uv_size": [0.25, 0.25]},
								"east": {"uv": [0, 0], "uv_size": [0, 0.25]},
								"south": {"uv": [1, 12.25], "uv_size": [0.25, 0.25]},
								"west": {"uv": [0, 0], "uv_size": [0, 0.25]},
								"up": {"uv": [0, 0], "uv_size": [0.25, 0]},
								"down": {"uv": [0, 0], "uv_size": [0.25, 0]}
							}
						},
						{
							"origin": [4.63381, 11.84794, 0.25],
							"size": [0.4, 1.1, 0],
							"pivot": [4.375, 12.425, 0.25],
							"rotation": [0, 0, 60],
							"uv": {
								"north": {"uv": [12.5, 0.75], "uv_size": [-0.25, 0.25]},
								"east": {"uv": [0, 0], "uv_size": [0, 0.25]},
								"south": {"uv": [1.25, 12.25], "uv_size": [-0.25, 0.25]},
								"west": {"uv": [0, 0], "uv_size": [0, 0.25]},
								"up": {"uv": [0.25, 0], "uv_size": [-0.25, 0]},
								"down": {"uv": [0.25, 0], "uv_size": [-0.25, 0]}
							}
						},
						{
							"origin": [-2.55, 13, -1.5],
							"size": [5.4, 0.5, 4.25],
							"uv": {
								"north": {"uv": [10.25, 0.5], "uv_size": [1.25, 0.25]},
								"east": {"uv": [8, 1.25], "uv_size": [1, 0.25]},
								"south": {"uv": [10.25, 0.75], "uv_size": [1.25, 0.25]},
								"west": {"uv": [8.25, 5.5], "uv_size": [1, 0.25]},
								"up": {"uv": [9, 2.25], "uv_size": [1.25, 1]},
								"down": {"uv": [2.5, 10], "uv_size": [1.25, -1]}
							}
						},
						{
							"origin": [-3.3, 12.5, -2.5],
							"size": [7.15, 0.5, 6.25],
							"uv": {
								"north": {"uv": [10, 8], "uv_size": [1.75, 0.25]},
								"east": {"uv": [10.25, 0], "uv_size": [1.5, 0.25]},
								"south": {"uv": [10, 8.25], "uv_size": [1.75, 0.25]},
								"west": {"uv": [10.25, 0.25], "uv_size": [1.5, 0.25]},
								"up": {"uv": [2, 7.5], "uv_size": [1.75, 1.5]},
								"down": {"uv": [3.75, 9], "uv_size": [1.75, -1.5]}
							}
						},
						{
							"origin": [-3.75, 11.5, -3.25],
							"size": [8, 1, 7.75],
							"uv": {
								"north": {"uv": [9.5, 5], "uv_size": [2, 0.25]},
								"east": {"uv": [9.5, 5.25], "uv_size": [2, 0.25]},
								"south": {"uv": [0.25, 10], "uv_size": [2, 0.25]},
								"west": {"uv": [2.25, 10], "uv_size": [2, 0.25]},
								"up": {"uv": [0, 2.25], "uv_size": [2, 2]},
								"down": {"uv": [2, 4.25], "uv_size": [2, -2]}
							}
						},
						{
							"origin": [-3.75, 5.5, -4],
							"size": [8, 6, 9],
							"uv": {
								"north": {"uv": [5.75, 1.5], "uv_size": [2, 1.5]},
								"east": {"uv": [4, 4.5], "uv_size": [2.25, 1.5]},
								"south": {"uv": [5.75, 3], "uv_size": [2, 1.5]},
								"west": {"uv": [5.75, 0], "uv_size": [2.25, 1.5]},
								"up": {"uv": [0, 0], "uv_size": [2, 2.25]},
								"down": {"uv": [2, 2.25], "uv_size": [2, -2.25]}
							}
						},
						{
							"origin": [-3.8, 5.025, -3],
							"size": [8.4, 0.725, 7.25],
							"uv": {
								"north": {"uv": [9.5, 4.5], "uv_size": [2, 0.25]},
								"east": {"uv": [10, 7.5], "uv_size": [1.75, 0.25]},
								"south": {"uv": [9.5, 4.75], "uv_size": [2, 0.25]},
								"west": {"uv": [10, 7.75], "uv_size": [1.75, 0.25]},
								"up": {"uv": [0, 4.25], "uv_size": [2, 1.75]},
								"down": {"uv": [2, 6], "uv_size": [2, -1.75]}
							}
						},
						{
							"origin": [-3.25, 5, -4],
							"size": [6.75, 0.5, 9],
							"uv": {
								"north": {"uv": [5.75, 10], "uv_size": [1.75, 0.25]},
								"east": {"uv": [9, 4.25], "uv_size": [2.25, 0.25]},
								"south": {"uv": [7.5, 10], "uv_size": [1.75, 0.25]},
								"west": {"uv": [9.25, 1], "uv_size": [2.25, 0.25]},
								"up": {"uv": [4, 0], "uv_size": [1.75, 2.25]},
								"down": {"uv": [4, 4.5], "uv_size": [1.75, -2.25]}
							}
						},
						{
							"origin": [-5.525, 6.5, -1.5],
							"size": [0.6, 4, 4],
							"uv": {
								"north": {"uv": [6, 10.25], "uv_size": [0.25, 1]},
								"east": {"uv": [6.75, 9], "uv_size": [1, 1]},
								"south": {"uv": [6.25, 10.25], "uv_size": [0.25, 1]},
								"west": {"uv": [9.25, 0], "uv_size": [1, 1]},
								"up": {"uv": [6.5, 10.25], "uv_size": [0.25, 1]},
								"down": {"uv": [10.25, 7.5], "uv_size": [0.25, -1]}
							}
						},
						{
							"origin": [-5, 5.75, -2],
							"size": [0.5, 5.75, 5],
							"uv": {
								"north": {"uv": [10.25, 1.25], "uv_size": [0.25, 1.5]},
								"east": {"uv": [7.75, 1.5], "uv_size": [1.25, 1.5]},
								"south": {"uv": [1.5, 10.25], "uv_size": [0.25, 1.5]},
								"west": {"uv": [7.75, 3], "uv_size": [1.25, 1.5]},
								"up": {"uv": [2.25, 10.25], "uv_size": [0.25, 1.25]},
								"down": {"uv": [2.5, 11.5], "uv_size": [0.25, -1.25]}
							}
						},
						{
							"origin": [5.425, 6.5, -1.5],
							"size": [0.6, 4, 4],
							"uv": {
								"north": {"uv": [3.75, 10.25], "uv_size": [0.25, 1]},
								"east": {"uv": [4.75, 9], "uv_size": [1, 1]},
								"south": {"uv": [4, 10.25], "uv_size": [0.25, 1]},
								"west": {"uv": [5.75, 9], "uv_size": [1, 1]},
								"up": {"uv": [10.25, 5.5], "uv_size": [0.25, 1]},
								"down": {"uv": [5.75, 11.25], "uv_size": [0.25, -1]}
							}
						},
						{
							"origin": [5, 5.75, -2],
							"size": [0.5, 5.75, 5],
							"uv": {
								"north": {"uv": [0.5, 10.25], "uv_size": [0.25, 1.5]},
								"east": {"uv": [5.5, 7.5], "uv_size": [1.25, 1.5]},
								"south": {"uv": [0.75, 10.25], "uv_size": [0.25, 1.5]},
								"west": {"uv": [6.75, 7.5], "uv_size": [1.25, 1.5]},
								"up": {"uv": [1.75, 10.25], "uv_size": [0.25, 1.25]},
								"down": {"uv": [2, 11.5], "uv_size": [0.25, -1.25]}
							}
						},
						{
							"origin": [-4.5, 5.5, -3.25],
							"size": [0.75, 6.3, 7.5],
							"uv": {
								"north": {"uv": [1, 10.25], "uv_size": [0.25, 1.5]},
								"east": {"uv": [6.25, 4.5], "uv_size": [2, 1.5]},
								"south": {"uv": [1.25, 10.25], "uv_size": [0.25, 1.5]},
								"west": {"uv": [0, 7.5], "uv_size": [2, 1.5]},
								"up": {"uv": [9.75, 9.5], "uv_size": [0.25, 2]},
								"down": {"uv": [0, 12], "uv_size": [0.25, -2]}
							}
						},
						{
							"origin": [4.25, 5.5, -3.25],
							"size": [0.75, 6.3, 7.5],
							"uv": {
								"north": {"uv": [10, 9.5], "uv_size": [0.25, 1.5]},
								"east": {"uv": [4, 6], "uv_size": [2, 1.5]},
								"south": {"uv": [0.25, 10.25], "uv_size": [0.25, 1.5]},
								"west": {"uv": [6, 6], "uv_size": [2, 1.5]},
								"up": {"uv": [9.25, 9.5], "uv_size": [0.25, 2]},
								"down": {"uv": [9.5, 11.5], "uv_size": [0.25, -2]}
							}
						}
					]
				},
				{
					"name": "LeftShoulderLocator",
					"parent": "Head",
					"pivot": [1.5, 13.75, 0]
				},
				{
					"name": "RightShoulderLocator",
					"parent": "Head",
					"pivot": [-1.25, 13.25, 0]
				},
				{
					"name": "Face",
					"parent": "Head",
					"pivot": [0, 8, -4]
				},
				{
					"name": "Mouth",
					"parent": "Face",
					"pivot": [0.16419, 6.94492, -4.0255],
					"cubes": [
						{
							"origin": [0.56741, 6.59839, -4.068],
							"size": [0.215, 0.42, 0.085],
							"pivot": [0.67491, 6.78339, -4.0255],
							"rotation": [0, 0, -90],
							"uv": {
								"north": {"uv": [8.5, 11.25], "uv_size": [0.25, 0.25]},
								"east": {"uv": [8.75, 11.25], "uv_size": [0.25, 0.25]},
								"south": {"uv": [9, 11.25], "uv_size": [0.25, 0.25]},
								"west": {"uv": [11.25, 9], "uv_size": [0.25, 0.25]},
								"up": {"uv": [11.25, 9.25], "uv_size": [0.25, 0.25]},
								"down": {"uv": [11.25, 9.75], "uv_size": [0.25, -0.25]}
							}
						},
						{
							"origin": [0.142, 6.635, -4.068],
							"size": [0.215, 0.47, 0.085],
							"pivot": [0.2495, 6.9575, -4.0255],
							"rotation": [0, 0, -52.5],
							"uv": {
								"north": {"uv": [11.25, 9.75], "uv_size": [0.25, 0.25]},
								"east": {"uv": [10, 11.25], "uv_size": [0.25, 0.25]},
								"south": {"uv": [11.25, 10], "uv_size": [0.25, 0.25]},
								"west": {"uv": [10.25, 11.25], "uv_size": [0.25, 0.25]},
								"up": {"uv": [11.25, 10.25], "uv_size": [0.25, 0.25]},
								"down": {"uv": [10.5, 11.5], "uv_size": [0.25, -0.25]}
							}
						},
						{
							"origin": [0.78481, 6.69957, -4.068],
							"size": [0.215, 0.42, 0.085],
							"pivot": [0.89231, 6.90957, -4.0255],
							"rotation": [0, 0, -145],
							"uv": {
								"north": {"uv": [11.25, 10.5], "uv_size": [0.25, 0.25]},
								"east": {"uv": [10.75, 11.25], "uv_size": [0.25, 0.25]},
								"south": {"uv": [11.25, 10.75], "uv_size": [0.25, 0.25]},
								"west": {"uv": [11, 11.25], "uv_size": [0.25, 0.25]},
								"up": {"uv": [11.25, 11], "uv_size": [0.25, 0.25]},
								"down": {"uv": [11.25, 11.5], "uv_size": [0.25, -0.25]}
							}
						},
						{
							"origin": [-0.67481, 6.69957, -4.068],
							"size": [0.215, 0.42, 0.085],
							"pivot": [-0.56731, 6.90957, -4.0255],
							"rotation": [0, 0, 145],
							"uv": {
								"north": {"uv": [7.25, 11.25], "uv_size": [0.25, 0.25]},
								"east": {"uv": [11.25, 7.25], "uv_size": [0.25, 0.25]},
								"south": {"uv": [7.5, 11.25], "uv_size": [0.25, 0.25]},
								"west": {"uv": [7.75, 11.25], "uv_size": [0.25, 0.25]},
								"up": {"uv": [8, 11.25], "uv_size": [0.25, 0.25]},
								"down": {"uv": [8.25, 11.5], "uv_size": [0.25, -0.25]}
							}
						},
						{
							"origin": [-0.45741, 6.59839, -4.068],
							"size": [0.215, 0.42, 0.085],
							"pivot": [-0.34991, 6.78339, -4.0255],
							"rotation": [0, 0, 90],
							"uv": {
								"north": {"uv": [6.5, 11.25], "uv_size": [0.25, 0.25]},
								"east": {"uv": [11.25, 6.5], "uv_size": [0.25, 0.25]},
								"south": {"uv": [6.75, 11.25], "uv_size": [0.25, 0.25]},
								"west": {"uv": [11.25, 6.75], "uv_size": [0.25, 0.25]},
								"up": {"uv": [7, 11.25], "uv_size": [0.25, 0.25]},
								"down": {"uv": [11.25, 7.25], "uv_size": [0.25, -0.25]}
							}
						},
						{
							"origin": [-0.032, 6.635, -4.068],
							"size": [0.215, 0.47, 0.085],
							"pivot": [0.0755, 6.9575, -4.0255],
							"rotation": [0, 0, 52.5],
							"uv": {
								"north": {"uv": [5.75, 11.25], "uv_size": [0.25, 0.25]},
								"east": {"uv": [11.25, 5.75], "uv_size": [0.25, 0.25]},
								"south": {"uv": [6, 11.25], "uv_size": [0.25, 0.25]},
								"west": {"uv": [11.25, 6], "uv_size": [0.25, 0.25]},
								"up": {"uv": [6.25, 11.25], "uv_size": [0.25, 0.25]},
								"down": {"uv": [11.25, 6.5], "uv_size": [0.25, -0.25]}
							}
						},
						{
							"origin": [0.068, 6.885, -4.068],
							"size": [0.215, 0.395, 0.085],
							"uv": {
								"north": {"uv": [11.75, 4.75], "uv_size": [0.25, 0.25]},
								"east": {"uv": [5, 11.75], "uv_size": [0.25, 0.25]},
								"south": {"uv": [11.75, 5], "uv_size": [0.25, 0.25]},
								"west": {"uv": [5.25, 11.75], "uv_size": [0.25, 0.25]},
								"up": {"uv": [11.75, 5.25], "uv_size": [0.25, 0.25]},
								"down": {"uv": [5.5, 12], "uv_size": [0.25, -0.25]}
							}
						},
						{
							"origin": [-0.007, 7.135, -4.068],
							"size": [0.34, 0.295, 0.085],
							"uv": {
								"north": {"uv": [4.5, 11.25], "uv_size": [0.25, 0.25]},
								"east": {"uv": [4.75, 11.25], "uv_size": [0.25, 0.25]},
								"south": {"uv": [5, 11.25], "uv_size": [0.25, 0.25]},
								"west": {"uv": [5.25, 11.25], "uv_size": [0.25, 0.25]},
								"up": {"uv": [5.5, 11.25], "uv_size": [0.25, 0.25]},
								"down": {"uv": [11.25, 5.75], "uv_size": [0.25, -0.25]}
							}
						}
					]
				},
				{
					"name": "Eyes",
					"parent": "Face",
					"pivot": [0, 8.5, -4]
				},
				{
					"name": "Eyelid",
					"parent": "Eyes",
					"pivot": [0, 8.5, -4]
				},
				{
					"name": "LeftEyelid",
					"parent": "Eyelid",
					"pivot": [1.90922, 8.30894, -4.06372],
					"cubes": [
						{
							"origin": [2.517, 8.07, -4.068],
							"size": [0.21, 0.53, 0.063],
							"uv": {
								"north": {"uv": [11.5, 7], "uv_size": [0.25, 0.25]},
								"east": {"uv": [7.25, 11.5], "uv_size": [0.25, 0.25]},
								"south": {"uv": [11.5, 7.25], "uv_size": [0.25, 0.25]},
								"west": {"uv": [7.5, 11.5], "uv_size": [0.25, 0.25]},
								"up": {"uv": [7.75, 11.5], "uv_size": [0.25, 0.25]},
								"down": {"uv": [8, 11.75], "uv_size": [0.25, -0.25]}
							}
						},
						{
							"origin": [2.307, 7.96, -4.068],
							"size": [0.21, 0.81, 0.063],
							"uv": {
								"north": {"uv": [11.5, 6.25], "uv_size": [0.25, 0.25]},
								"east": {"uv": [6.5, 11.5], "uv_size": [0.25, 0.25]},
								"south": {"uv": [11.5, 6.5], "uv_size": [0.25, 0.25]},
								"west": {"uv": [6.75, 11.5], "uv_size": [0.25, 0.25]},
								"up": {"uv": [11.5, 6.75], "uv_size": [0.25, 0.25]},
								"down": {"uv": [7, 11.75], "uv_size": [0.25, -0.25]}
							}
						},
						{
							"origin": [1.047, 8.07, -4.068],
							"size": [0.21, 0.53, 0.063],
							"uv": {
								"north": {"uv": [11.5, 5.5], "uv_size": [0.25, 0.25]},
								"east": {"uv": [5.75, 11.5], "uv_size": [0.25, 0.25]},
								"south": {"uv": [11.5, 5.75], "uv_size": [0.25, 0.25]},
								"west": {"uv": [6, 11.5], "uv_size": [0.25, 0.25]},
								"up": {"uv": [11.5, 6], "uv_size": [0.25, 0.25]},
								"down": {"uv": [6.25, 11.75], "uv_size": [0.25, -0.25]}
							}
						},
						{
							"origin": [1.257, 7.96, -4.068],
							"size": [0.21, 0.86, 0.063],
							"uv": {
								"north": {"uv": [11.5, 4.75], "uv_size": [0.25, 0.25]},
								"east": {"uv": [5, 11.5], "uv_size": [0.25, 0.25]},
								"south": {"uv": [11.5, 5], "uv_size": [0.25, 0.25]},
								"west": {"uv": [5.25, 11.5], "uv_size": [0.25, 0.25]},
								"up": {"uv": [11.5, 5.25], "uv_size": [0.25, 0.25]},
								"down": {"uv": [5.5, 11.75], "uv_size": [0.25, -0.25]}
							}
						},
						{
							"origin": [2.09671, 8.08303, -4.143],
							"size": [0.24, 0.195, 0.085],
							"pivot": [2.39171, 8.18053, -4.1005],
							"rotation": [0, 0, -15],
							"uv": {
								"north": {"uv": [11.5, 4], "uv_size": [0.25, 0.25]},
								"east": {"uv": [4.25, 11.5], "uv_size": [0.25, 0.25]},
								"south": {"uv": [11.5, 4.25], "uv_size": [0.25, 0.25]},
								"west": {"uv": [4.5, 11.5], "uv_size": [0.25, 0.25]},
								"up": {"uv": [11.5, 4.5], "uv_size": [0.25, 0.25]},
								"down": {"uv": [4.75, 11.75], "uv_size": [0.25, -0.25]}
							}
						},
						{
							"origin": [1.53729, 8.08303, -4.143],
							"size": [0.24, 0.195, 0.085],
							"pivot": [1.48229, 8.18053, -4.1005],
							"rotation": [0, 0, 15],
							"uv": {
								"north": {"uv": [11.5, 3.25], "uv_size": [0.25, 0.25]},
								"east": {"uv": [3.5, 11.5], "uv_size": [0.25, 0.25]},
								"south": {"uv": [11.5, 3.5], "uv_size": [0.25, 0.25]},
								"west": {"uv": [3.75, 11.5], "uv_size": [0.25, 0.25]},
								"up": {"uv": [11.5, 3.75], "uv_size": [0.25, 0.25]},
								"down": {"uv": [4, 11.75], "uv_size": [0.25, -0.25]}
							}
						},
						{
							"origin": [1.742, 8.01, -4.143],
							"size": [0.39, 0.195, 0.085],
							"uv": {
								"north": {"uv": [11.5, 2.5], "uv_size": [0.25, 0.25]},
								"east": {"uv": [2.75, 11.5], "uv_size": [0.25, 0.25]},
								"south": {"uv": [11.5, 2.75], "uv_size": [0.25, 0.25]},
								"west": {"uv": [3, 11.5], "uv_size": [0.25, 0.25]},
								"up": {"uv": [11.5, 3], "uv_size": [0.25, 0.25]},
								"down": {"uv": [3.25, 11.75], "uv_size": [0.25, -0.25]}
							}
						},
						{
							"origin": [1.617, 8.335, -4.143],
							"size": [0.64, 0.445, 0.085],
							"uv": {
								"north": {"uv": [11.5, 1.75], "uv_size": [0.25, 0.25]},
								"east": {"uv": [2, 11.5], "uv_size": [0.25, 0.25]},
								"south": {"uv": [11.5, 2], "uv_size": [0.25, 0.25]},
								"west": {"uv": [2.25, 11.5], "uv_size": [0.25, 0.25]},
								"up": {"uv": [11.5, 2.25], "uv_size": [0.25, 0.25]},
								"down": {"uv": [2.5, 11.75], "uv_size": [0.25, -0.25]}
							}
						},
						{
							"origin": [1.467, 7.86, -4.068],
							"size": [0.84, 1.12, 0.085],
							"uv": {
								"north": {"uv": [11.5, 0.5], "uv_size": [0.25, 0.25]},
								"east": {"uv": [11.5, 0.75], "uv_size": [0.25, 0.25]},
								"south": {"uv": [11.5, 1], "uv_size": [0.25, 0.25]},
								"west": {"uv": [11.5, 1.25], "uv_size": [0.25, 0.25]},
								"up": {"uv": [11.5, 1.5], "uv_size": [0.25, 0.25]},
								"down": {"uv": [1.75, 11.75], "uv_size": [0.25, -0.25]}
							}
						}
					]
				},
				{
					"name": "Rightlid",
					"parent": "Eyelid",
					"pivot": [-1.40922, 8.30894, -4.06372],
					"cubes": [
						{
							"origin": [-2.227, 8.07, -4.068],
							"size": [0.21, 0.53, 0.063],
							"uv": {
								"north": {"uv": [11.75, 4], "uv_size": [0.25, 0.25]},
								"east": {"uv": [4.25, 11.75], "uv_size": [0.25, 0.25]},
								"south": {"uv": [11.75, 4.25], "uv_size": [0.25, 0.25]},
								"west": {"uv": [4.5, 11.75], "uv_size": [0.25, 0.25]},
								"up": {"uv": [11.75, 4.5], "uv_size": [0.25, 0.25]},
								"down": {"uv": [4.75, 12], "uv_size": [0.25, -0.25]}
							}
						},
						{
							"origin": [-2.017, 7.96, -4.068],
							"size": [0.21, 0.81, 0.063],
							"uv": {
								"north": {"uv": [11.75, 3.25], "uv_size": [0.25, 0.25]},
								"east": {"uv": [3.5, 11.75], "uv_size": [0.25, 0.25]},
								"south": {"uv": [11.75, 3.5], "uv_size": [0.25, 0.25]},
								"west": {"uv": [3.75, 11.75], "uv_size": [0.25, 0.25]},
								"up": {"uv": [11.75, 3.75], "uv_size": [0.25, 0.25]},
								"down": {"uv": [4, 12], "uv_size": [0.25, -0.25]}
							}
						},
						{
							"origin": [-0.757, 8.07, -4.068],
							"size": [0.21, 0.53, 0.063],
							"uv": {
								"north": {"uv": [11.75, 2.5], "uv_size": [0.25, 0.25]},
								"east": {"uv": [2.75, 11.75], "uv_size": [0.25, 0.25]},
								"south": {"uv": [11.75, 2.75], "uv_size": [0.25, 0.25]},
								"west": {"uv": [3, 11.75], "uv_size": [0.25, 0.25]},
								"up": {"uv": [11.75, 3], "uv_size": [0.25, 0.25]},
								"down": {"uv": [3.25, 12], "uv_size": [0.25, -0.25]}
							}
						},
						{
							"origin": [-0.967, 7.96, -4.068],
							"size": [0.21, 0.86, 0.063],
							"uv": {
								"north": {"uv": [11.75, 1.75], "uv_size": [0.25, 0.25]},
								"east": {"uv": [2, 11.75], "uv_size": [0.25, 0.25]},
								"south": {"uv": [11.75, 2], "uv_size": [0.25, 0.25]},
								"west": {"uv": [2.25, 11.75], "uv_size": [0.25, 0.25]},
								"up": {"uv": [11.75, 2.25], "uv_size": [0.25, 0.25]},
								"down": {"uv": [2.5, 12], "uv_size": [0.25, -0.25]}
							}
						},
						{
							"origin": [-1.83671, 8.08303, -4.143],
							"size": [0.24, 0.195, 0.085],
							"pivot": [-1.89171, 8.18053, -4.1005],
							"rotation": [0, 0, 15],
							"uv": {
								"north": {"uv": [11.75, 1], "uv_size": [0.25, 0.25]},
								"east": {"uv": [1.25, 11.75], "uv_size": [0.25, 0.25]},
								"south": {"uv": [11.75, 1.25], "uv_size": [0.25, 0.25]},
								"west": {"uv": [1.5, 11.75], "uv_size": [0.25, 0.25]},
								"up": {"uv": [11.75, 1.5], "uv_size": [0.25, 0.25]},
								"down": {"uv": [1.75, 12], "uv_size": [0.25, -0.25]}
							}
						},
						{
							"origin": [-1.27729, 8.08303, -4.143],
							"size": [0.24, 0.195, 0.085],
							"pivot": [-0.98229, 8.18053, -4.1005],
							"rotation": [0, 0, -15],
							"uv": {
								"north": {"uv": [11.75, 0.25], "uv_size": [0.25, 0.25]},
								"east": {"uv": [0.5, 11.75], "uv_size": [0.25, 0.25]},
								"south": {"uv": [11.75, 0.5], "uv_size": [0.25, 0.25]},
								"west": {"uv": [0.75, 11.75], "uv_size": [0.25, 0.25]},
								"up": {"uv": [11.75, 0.75], "uv_size": [0.25, 0.25]},
								"down": {"uv": [1, 12], "uv_size": [0.25, -0.25]}
							}
						},
						{
							"origin": [-1.632, 8.01, -4.143],
							"size": [0.39, 0.195, 0.085],
							"uv": {
								"north": {"uv": [11.5, 11], "uv_size": [0.25, 0.25]},
								"east": {"uv": [11.25, 11.5], "uv_size": [0.25, 0.25]},
								"south": {"uv": [11.5, 11.25], "uv_size": [0.25, 0.25]},
								"west": {"uv": [11.5, 11.5], "uv_size": [0.25, 0.25]},
								"up": {"uv": [11.75, 0], "uv_size": [0.25, 0.25]},
								"down": {"uv": [0.25, 12], "uv_size": [0.25, -0.25]}
							}
						},
						{
							"origin": [-1.757, 8.335, -4.143],
							"size": [0.64, 0.445, 0.085],
							"uv": {
								"north": {"uv": [11.5, 10.25], "uv_size": [0.25, 0.25]},
								"east": {"uv": [10.5, 11.5], "uv_size": [0.25, 0.25]},
								"south": {"uv": [11.5, 10.5], "uv_size": [0.25, 0.25]},
								"west": {"uv": [10.75, 11.5], "uv_size": [0.25, 0.25]},
								"up": {"uv": [11.5, 10.75], "uv_size": [0.25, 0.25]},
								"down": {"uv": [11, 11.75], "uv_size": [0.25, -0.25]}
							}
						},
						{
							"origin": [-1.807, 7.86, -4.068],
							"size": [0.84, 1.12, 0.085],
							"uv": {
								"north": {"uv": [11.5, 9.5], "uv_size": [0.25, 0.25]},
								"east": {"uv": [9.75, 11.5], "uv_size": [0.25, 0.25]},
								"south": {"uv": [11.5, 9.75], "uv_size": [0.25, 0.25]},
								"west": {"uv": [10, 11.5], "uv_size": [0.25, 0.25]},
								"up": {"uv": [11.5, 10], "uv_size": [0.25, 0.25]},
								"down": {"uv": [10.25, 11.75], "uv_size": [0.25, -0.25]}
							}
						}
					]
				},
				{
					"name": "Eyebrow",
					"parent": "Eyes",
					"pivot": [0, 9, -4]
				},
				{
					"name": "RightEyebrow",
					"parent": "Eyebrow",
					"pivot": [-0.63418, 9.17519, -4.025],
					"cubes": [
						{
							"origin": [-0.8625, 9, -4.0625],
							"size": [0.425, 0.25, 0.075],
							"pivot": [-0.5625, 9.125, -4.025],
							"rotation": [0, 0, 35],
							"uv": {
								"north": {"uv": [11.75, 6.25], "uv_size": [0.25, 0.25]},
								"east": {"uv": [6.5, 11.75], "uv_size": [0.25, 0.25]},
								"south": {"uv": [11.75, 6.5], "uv_size": [0.25, 0.25]},
								"west": {"uv": [6.75, 11.75], "uv_size": [0.25, 0.25]},
								"up": {"uv": [11.75, 6.75], "uv_size": [0.25, 0.25]},
								"down": {"uv": [7, 12], "uv_size": [0.25, -0.25]}
							}
						}
					]
				},
				{
					"name": "bone16",
					"parent": "RightEyebrow",
					"pivot": [0.3625, 8.625, -4.025],
					"cubes": [
						{
							"origin": [-0.1625, 8.5, -4.0625],
							"size": [0.275, 0.175, 0.075],
							"pivot": [-0.0125, 8.625, -4.025],
							"rotation": [0, 0, 65],
							"uv": {
								"north": {"uv": [11.75, 7], "uv_size": [0.25, 0.25]},
								"east": {"uv": [7.25, 11.75], "uv_size": [0.25, 0.25]},
								"south": {"uv": [11.75, 7.25], "uv_size": [0.25, 0.25]},
								"west": {"uv": [7.5, 11.75], "uv_size": [0.25, 0.25]},
								"up": {"uv": [11.75, 7.5], "uv_size": [0.25, 0.25]},
								"down": {"uv": [7.75, 12], "uv_size": [0.25, -0.25]}
							}
						},
						{
							"origin": [0.2125, 8.5, -4.0625],
							"size": [0.275, 0.175, 0.075],
							"pivot": [0.3625, 8.625, -4.025],
							"rotation": [0, 0, 65],
							"uv": {
								"north": {"uv": [1.5, 12], "uv_size": [0.25, 0.25]},
								"east": {"uv": [12, 1.5], "uv_size": [0.25, 0.25]},
								"south": {"uv": [1.75, 12], "uv_size": [0.25, 0.25]},
								"west": {"uv": [12, 1.75], "uv_size": [0.25, 0.25]},
								"up": {"uv": [2, 12], "uv_size": [0.25, 0.25]},
								"down": {"uv": [12, 2.25], "uv_size": [0.25, -0.25]}
							}
						}
					]
				},
				{
					"name": "LeftEyebrow",
					"parent": "Eyebrow",
					"pivot": [1.13418, 9.17519, -4.025],
					"cubes": [
						{
							"origin": [0.9375, 9, -4.0625],
							"size": [0.425, 0.25, 0.075],
							"pivot": [1.0625, 9.125, -4.025],
							"rotation": [0, 0, -35],
							"uv": {
								"north": {"uv": [11.75, 5.5], "uv_size": [0.25, 0.25]},
								"east": {"uv": [5.75, 11.75], "uv_size": [0.25, 0.25]},
								"south": {"uv": [11.75, 5.75], "uv_size": [0.25, 0.25]},
								"west": {"uv": [6, 11.75], "uv_size": [0.25, 0.25]},
								"up": {"uv": [11.75, 6], "uv_size": [0.25, 0.25]},
								"down": {"uv": [6.25, 12], "uv_size": [0.25, -0.25]}
							}
						}
					]
				},
				{
					"name": "RightEar",
					"parent": "Head",
					"pivot": [-4.15453, 11.0732, 0.75],
					"cubes": [
						{
							"origin": [-6.05, 10.5, 0.25],
							"size": [1.725, 1.25, 1],
							"pivot": [-4.875, 11.2875, 0.75],
							"rotation": [0, 0, -10],
							"uv": {
								"north": {"uv": [11.25, 6], "uv_size": [-0.5, 0.25]},
								"east": {"uv": [12.25, 2.75], "uv_size": [-0.25, 0.25]},
								"south": {"uv": [11.25, 6.25], "uv_size": [-0.5, 0.25]},
								"west": {"uv": [3, 12], "uv_size": [-0.25, 0.25]},
								"up": {"uv": [11.25, 6.5], "uv_size": [-0.5, 0.25]},
								"down": {"uv": [11.25, 7], "uv_size": [-0.5, -0.25]}
							}
						}
					]
				},
				{
					"name": "LeftEar",
					"parent": "Head",
					"pivot": [4.90453, 11.0732, 0.75],
					"cubes": [
						{
							"origin": [4.825, 10.5, 0.25],
							"size": [1.725, 1.25, 1],
							"pivot": [5.375, 11.2875, 0.75],
							"rotation": [0, 0, 10],
							"uv": {
								"north": {"uv": [10.75, 6], "uv_size": [0.5, 0.25]},
								"east": {"uv": [2.75, 12], "uv_size": [0.25, 0.25]},
								"south": {"uv": [10.75, 6.25], "uv_size": [0.5, 0.25]},
								"west": {"uv": [12, 2.75], "uv_size": [0.25, 0.25]},
								"up": {"uv": [10.75, 6.5], "uv_size": [0.5, 0.25]},
								"down": {"uv": [10.75, 7], "uv_size": [0.5, -0.25]}
							}
						}
					]
				},
				{
					"name": "Arm",
					"parent": "UpperBody",
					"pivot": [0, 5.75, 0]
				},
				{
					"name": "RightArm",
					"parent": "Arm",
					"pivot": [-3.63816, 4.86271, 0.525],
					"cubes": [
						{
							"origin": [-4.65, 2.625, 0],
							"size": [1.1, 2.525, 1.05],
							"pivot": [-4.3, 4.525, 0.5],
							"rotation": [0, 0, 25],
							"uv": {
								"north": {"uv": [9, 10.25], "uv_size": [-0.25, 0.75]},
								"east": {"uv": [10.5, 10.25], "uv_size": [-0.25, 0.75]},
								"south": {"uv": [10.5, 9.5], "uv_size": [-0.25, 0.75]},
								"west": {"uv": [9.25, 10.25], "uv_size": [-0.25, 0.75]},
								"up": {"uv": [8.5, 11.5], "uv_size": [-0.25, 0.25]},
								"down": {"uv": [8.75, 11.75], "uv_size": [-0.25, -0.25]}
							}
						}
					]
				},
				{
					"name": "RightHandLocator",
					"parent": "RightArm",
					"pivot": [-4.75, 2.5, 0],
					"rotation": [25, 0, 0]
				},
				{
					"name": "LeftArm",
					"parent": "Arm",
					"pivot": [4.44098, 4.49942, 0.525],
					"cubes": [
						{
							"origin": [4.05, 2.375, 0],
							"size": [1.1, 2.775, 1.05],
							"pivot": [4.8, 4.525, 0.5],
							"rotation": [0, 0, -25],
							"uv": {
								"north": {"uv": [8.75, 10.25], "uv_size": [0.25, 0.75]},
								"east": {"uv": [9, 10.25], "uv_size": [0.25, 0.75]},
								"south": {"uv": [10.25, 9.5], "uv_size": [0.25, 0.75]},
								"west": {"uv": [10.25, 10.25], "uv_size": [0.25, 0.75]},
								"up": {"uv": [8.25, 11.5], "uv_size": [0.25, 0.25]},
								"down": {"uv": [8.5, 11.75], "uv_size": [0.25, -0.25]}
							}
						}
					]
				},
				{
					"name": "LeftHandLocator",
					"parent": "LeftArm",
					"pivot": [5.5, 2.5, 0]
				},
				{
					"name": "ElytraLocator",
					"parent": "UpperBody",
					"pivot": [0, 5.25, 5.25]
				},
				{
					"name": "DownBody",
					"parent": "AllBody",
					"pivot": [0, 5.25, 0]
				},
				{
					"name": "Body",
					"parent": "DownBody",
					"pivot": [0, 3.25, 0],
					"cubes": [
						{
							"origin": [-4.6, 3.875, -2.225],
							"size": [0.975, 0.875, 5.375],
							"uv": {
								"north": {"uv": [9.75, 8.5], "uv_size": [0.25, 0.25]},
								"east": {"uv": [10.25, 12.5], "uv_size": [1.25, 0.25]},
								"south": {"uv": [8.75, 9.75], "uv_size": [0.25, 0.25]},
								"west": {"uv": [12.5, 11], "uv_size": [1.25, 0.25]},
								"up": {"uv": [11.5, 12.5], "uv_size": [0.25, 1.25]},
								"down": {"uv": [3.25, 14], "uv_size": [0.25, -1.25]}
							}
						},
						{
							"origin": [4.125, 3.875, -2.225],
							"size": [0.975, 0.875, 5.375],
							"uv": {
								"north": {"uv": [9.75, 8.25], "uv_size": [0.25, 0.25]},
								"east": {"uv": [12.5, 9.25], "uv_size": [1.25, 0.25]},
								"south": {"uv": [8.5, 9.75], "uv_size": [0.25, 0.25]},
								"west": {"uv": [12.5, 9.5], "uv_size": [1.25, 0.25]},
								"up": {"uv": [12.5, 9.75], "uv_size": [0.25, 1.25]},
								"down": {"uv": [10, 13.75], "uv_size": [0.25, -1.25]}
							}
						},
						{
							"origin": [2.875, 3.875, -2.725],
							"size": [1.25, 0.875, 6.375],
							"uv": {
								"north": {"uv": [9.5, 8.75], "uv_size": [0.25, 0.25]},
								"east": {"uv": [7, 12.5], "uv_size": [1.5, 0.25]},
								"south": {"uv": [9, 9.5], "uv_size": [0.25, 0.25]},
								"west": {"uv": [12.5, 7.25], "uv_size": [1.5, 0.25]},
								"up": {"uv": [12.5, 7.5], "uv_size": [0.25, 1.5]},
								"down": {"uv": [8.5, 14], "uv_size": [0.25, -1.5]}
							}
						},
						{
							"origin": [-3.625, 3.875, -2.725],
							"size": [1.25, 0.875, 6.375],
							"uv": {
								"north": {"uv": [9.5, 8.5], "uv_size": [0.25, 0.25]},
								"east": {"uv": [12.5, 5.25], "uv_size": [1.5, 0.25]},
								"south": {"uv": [8.75, 9.5], "uv_size": [0.25, 0.25]},
								"west": {"uv": [12.5, 5.5], "uv_size": [1.5, 0.25]},
								"up": {"uv": [12.5, 5.75], "uv_size": [0.25, 1.5]},
								"down": {"uv": [6.75, 14], "uv_size": [0.25, -1.5]}
							}
						},
						{
							"origin": [-2.375, 3.875, -3.475],
							"size": [5.3, 0.875, 7.875],
							"uv": {
								"north": {"uv": [8.75, 12.5], "uv_size": [1.25, 0.25]},
								"east": {"uv": [12.5, 4], "uv_size": [2, 0.25]},
								"south": {"uv": [12.5, 9], "uv_size": [1.25, 0.25]},
								"west": {"uv": [12.5, 4.25], "uv_size": [2, 0.25]},
								"up": {"uv": [12.5, 1.75], "uv_size": [1.25, 2]},
								"down": {"uv": [2, 14.5], "uv_size": [1.25, -2]}
							}
						},
						{
							"origin": [4.15, 4.5, -3.35],
							"size": [0.85, 1.25, 7.75],
							"uv": {
								"north": {"uv": [9.5, 8.25], "uv_size": [0.25, 0.25]},
								"east": {"uv": [3.25, 12.5], "uv_size": [2, 0.25]},
								"south": {"uv": [8.5, 9.5], "uv_size": [0.25, 0.25]},
								"west": {"uv": [12.5, 3.75], "uv_size": [2, 0.25]},
								"up": {"uv": [9.75, 5.5], "uv_size": [0.25, 2]},
								"down": {"uv": [10, 7.5], "uv_size": [0.25, -2]}
							}
						},
						{
							"origin": [5, 4.5, -2.35],
							"size": [0.6, 1.25, 5.75],
							"uv": {
								"north": {"uv": [9.25, 8.75], "uv_size": [0.25, 0.25]},
								"east": {"uv": [12.5, 5], "uv_size": [1.5, 0.25]},
								"south": {"uv": [9, 9.25], "uv_size": [0.25, 0.25]},
								"west": {"uv": [5.25, 12.5], "uv_size": [1.5, 0.25]},
								"up": {"uv": [10.5, 5.5], "uv_size": [0.25, 1.5]},
								"down": {"uv": [10.5, 11], "uv_size": [0.25, -1.5]}
							}
						},
						{
							"origin": [-5.1, 4.5, -2.35],
							"size": [0.6, 1.25, 5.75],
							"uv": {
								"north": {"uv": [9.25, 8.5], "uv_size": [0.25, 0.25]},
								"east": {"uv": [12.5, 4.5], "uv_size": [1.5, 0.25]},
								"south": {"uv": [8.75, 9.25], "uv_size": [0.25, 0.25]},
								"west": {"uv": [12.5, 4.75], "uv_size": [1.5, 0.25]},
								"up": {"uv": [10.5, 1.25], "uv_size": [0.25, 1.5]},
								"down": {"uv": [10.5, 4.25], "uv_size": [0.25, -1.5]}
							}
						},
						{
							"origin": [-4.6, 4.5, -3.35],
							"size": [0.85, 1.25, 7.75],
							"uv": {
								"north": {"uv": [9.25, 8.25], "uv_size": [0.25, 0.25]},
								"east": {"uv": [12.5, 0.5], "uv_size": [2, 0.25]},
								"south": {"uv": [8.5, 9.25], "uv_size": [0.25, 0.25]},
								"west": {"uv": [12.5, 0.75], "uv_size": [2, 0.25]},
								"up": {"uv": [9.25, 5.5], "uv_size": [0.25, 2]},
								"down": {"uv": [9.5, 7.5], "uv_size": [0.25, -2]}
							}
						},
						{
							"origin": [-3.85, 4.5, -4.1],
							"size": [8.175, 1.25, 9.225],
							"uv": {
								"north": {"uv": [12.5, 0], "uv_size": [2, 0.25]},
								"east": {"uv": [12.25, 11.75], "uv_size": [2.25, 0.25]},
								"south": {"uv": [12.5, 0.25], "uv_size": [2, 0.25]},
								"west": {"uv": [12.25, 12], "uv_size": [2.25, 0.25]},
								"up": {"uv": [11.75, 12.25], "uv_size": [2, 2.25]},
								"down": {"uv": [0, 14.75], "uv_size": [2, -2.25]}
							}
						},
						{
							"origin": [-3.40988, 0.74953, 5.17167],
							"size": [1.825, 4.075, 0],
							"pivot": [-1.95988, 2.78703, 5.14667],
							"rotation": [12.0868, -3.2113, 14.6599],
							"uv": {
								"north": {"uv": [4.75, 10], "uv_size": [0.5, 1]},
								"east": {"uv": [0, 0], "uv_size": [0, 1]},
								"south": {"uv": [5.25, 10], "uv_size": [0.5, 1]},
								"west": {"uv": [0, 0], "uv_size": [0, 1]},
								"up": {"uv": [0, 0], "uv_size": [0.5, 0]},
								"down": {"uv": [0, 0], "uv_size": [0.5, 0]}
							}
						},
						{
							"origin": [2.22534, 0.74722, 5.14779],
							"size": [1.825, 4.075, 0],
							"pivot": [2.60034, 2.78472, 5.12279],
							"rotation": [12.0868, 3.2113, -14.6599],
							"uv": {
								"north": {"uv": [10, 3.25], "uv_size": [0.5, 1]},
								"east": {"uv": [0, 0], "uv_size": [0, 1]},
								"south": {"uv": [4.25, 10], "uv_size": [0.5, 1]},
								"west": {"uv": [0, 0], "uv_size": [0, 1]},
								"up": {"uv": [0, 0], "uv_size": [0.5, 0]},
								"down": {"uv": [0, 0], "uv_size": [0.5, 0]}
							}
						},
						{
							"origin": [-2.125, 0.725, 5.125],
							"size": [4.925, 4.2, 0],
							"pivot": [0.05, 2.8875, 5.125],
							"rotation": [12.5, 0, 0],
							"uv": {
								"north": {"uv": [1.25, 9], "uv_size": [1.25, 1]},
								"east": {"uv": [0, 0], "uv_size": [0, 1]},
								"south": {"uv": [9, 1.25], "uv_size": [1.25, 1]},
								"west": {"uv": [0, 0], "uv_size": [0, 1]},
								"up": {"uv": [0, 0], "uv_size": [1.25, 0]},
								"down": {"uv": [0, 0], "uv_size": [1.25, 0]}
							}
						},
						{
							"origin": [5.69122, 3.39646, 0.5],
							"size": [0.4, 0.8, 0],
							"pivot": [4.225, 3.35, 0.5],
							"rotation": [0, 0, 105],
							"uv": {
								"north": {"uv": [12.5, 0.75], "uv_size": [-0.25, 0.25]},
								"east": {"uv": [0, 0], "uv_size": [0, 0.25]},
								"south": {"uv": [1.25, 12.25], "uv_size": [-0.25, 0.25]},
								"west": {"uv": [0, 0], "uv_size": [0, 0.25]},
								"up": {"uv": [0.25, 0], "uv_size": [-0.25, 0]},
								"down": {"uv": [0.25, 0], "uv_size": [-0.25, 0]}
							}
						},
						{
							"origin": [5.13381, 2.59794, 0.5],
							"size": [0.4, 0.8, 0],
							"pivot": [4.875, 2.875, 0.5],
							"rotation": [0, 0, 105],
							"uv": {
								"north": {"uv": [12.5, 0.75], "uv_size": [-0.25, 0.25]},
								"east": {"uv": [0, 0], "uv_size": [0, 0.25]},
								"south": {"uv": [1.25, 12.25], "uv_size": [-0.25, 0.25]},
								"west": {"uv": [0, 0], "uv_size": [0, 0.25]},
								"up": {"uv": [0.25, 0], "uv_size": [-0.25, 0]},
								"down": {"uv": [0.25, 0], "uv_size": [-0.25, 0]}
							}
						},
						{
							"origin": [1.65, 0.6, 0.125],
							"size": [0.4, 0.8, 0],
							"pivot": [1.85, 1, 0.125],
							"rotation": [0, 0, -15],
							"uv": {
								"north": {"uv": [12.5, 1], "uv_size": [-0.25, -0.25]},
								"east": {"uv": [0, 0.25], "uv_size": [0, -0.25]},
								"south": {"uv": [1.25, 12.5], "uv_size": [-0.25, -0.25]},
								"west": {"uv": [0, 0.25], "uv_size": [0, -0.25]},
								"up": {"uv": [0.25, 0], "uv_size": [-0.25, 0]},
								"down": {"uv": [0.25, 0], "uv_size": [-0.25, 0]}
							}
						},
						{
							"origin": [0.4, 0.6, 0.125],
							"size": [0.4, 0.8, 0],
							"pivot": [0.6, 1, 0.125],
							"rotation": [0, 0, -15],
							"uv": {
								"north": {"uv": [12.5, 1], "uv_size": [-0.25, -0.25]},
								"east": {"uv": [0, 0.25], "uv_size": [0, -0.25]},
								"south": {"uv": [1.25, 12.5], "uv_size": [-0.25, -0.25]},
								"west": {"uv": [0, 0.25], "uv_size": [0, -0.25]},
								"up": {"uv": [0.25, 0], "uv_size": [-0.25, 0]},
								"down": {"uv": [0.25, 0], "uv_size": [-0.25, 0]}
							}
						},
						{
							"origin": [2.9, 0.75, 0.125],
							"size": [0.4, 0.8, 0],
							"pivot": [3.1, 1.15, 0.125],
							"rotation": [0, 0, -15],
							"uv": {
								"north": {"uv": [12.5, 1], "uv_size": [-0.25, -0.25]},
								"east": {"uv": [0, 0.25], "uv_size": [0, -0.25]},
								"south": {"uv": [1.25, 12.5], "uv_size": [-0.25, -0.25]},
								"west": {"uv": [0, 0.25], "uv_size": [0, -0.25]},
								"up": {"uv": [0.25, 0], "uv_size": [-0.25, 0]},
								"down": {"uv": [0.25, 0], "uv_size": [-0.25, 0]}
							}
						},
						{
							"origin": [-2.8, 0.75, 0.125],
							"size": [0.4, 0.8, 0],
							"pivot": [-2.6, 1.15, 0.125],
							"rotation": [0, 0, 15],
							"uv": {
								"north": {"uv": [12.25, 1], "uv_size": [0.25, -0.25]},
								"east": {"uv": [0, 0.25], "uv_size": [0, -0.25]},
								"south": {"uv": [1, 12.5], "uv_size": [0.25, -0.25]},
								"west": {"uv": [0, 0.25], "uv_size": [0, -0.25]},
								"up": {"uv": [0, 0], "uv_size": [0.25, 0]},
								"down": {"uv": [0, 0], "uv_size": [0.25, 0]}
							}
						},
						{
							"origin": [-1.8, 0.6, 0.125],
							"size": [0.4, 0.8, 0],
							"pivot": [-1.6, 1, 0.125],
							"rotation": [0, 0, 15],
							"uv": {
								"north": {"uv": [12.25, 1], "uv_size": [0.25, -0.25]},
								"east": {"uv": [0, 0.25], "uv_size": [0, -0.25]},
								"south": {"uv": [1, 12.5], "uv_size": [0.25, -0.25]},
								"west": {"uv": [0, 0.25], "uv_size": [0, -0.25]},
								"up": {"uv": [0, 0], "uv_size": [0.25, 0]},
								"down": {"uv": [0, 0], "uv_size": [0.25, 0]}
							}
						},
						{
							"origin": [-0.8, 0.6, 0.125],
							"size": [0.4, 0.8, 0],
							"pivot": [-0.6, 1, 0.125],
							"rotation": [0, 0, 15],
							"uv": {
								"north": {"uv": [12.25, 1], "uv_size": [0.25, -0.25]},
								"east": {"uv": [0, 0.25], "uv_size": [0, -0.25]},
								"south": {"uv": [1, 12.5], "uv_size": [0.25, -0.25]},
								"west": {"uv": [0, 0.25], "uv_size": [0, -0.25]},
								"up": {"uv": [0, 0], "uv_size": [0.25, 0]},
								"down": {"uv": [0, 0], "uv_size": [0.25, 0]}
							}
						},
						{
							"origin": [-5.59122, 3.39646, 0.5],
							"size": [0.4, 0.8, 0],
							"pivot": [-3.725, 3.35, 0.5],
							"rotation": [0, 0, -105],
							"uv": {
								"north": {"uv": [12.25, 0.75], "uv_size": [0.25, 0.25]},
								"east": {"uv": [0, 0], "uv_size": [0, 0.25]},
								"south": {"uv": [1, 12.25], "uv_size": [0.25, 0.25]},
								"west": {"uv": [0, 0], "uv_size": [0, 0.25]},
								"up": {"uv": [0, 0], "uv_size": [0.25, 0]},
								"down": {"uv": [0, 0], "uv_size": [0.25, 0]}
							}
						},
						{
							"origin": [-5.03381, 2.59794, 0.5],
							"size": [0.4, 0.8, 0],
							"pivot": [-4.375, 2.875, 0.5],
							"rotation": [0, 0, -105],
							"uv": {
								"north": {"uv": [12.25, 0.75], "uv_size": [0.25, 0.25]},
								"east": {"uv": [0, 0], "uv_size": [0, 0.25]},
								"south": {"uv": [1, 12.25], "uv_size": [0.25, 0.25]},
								"west": {"uv": [0, 0], "uv_size": [0, 0.25]},
								"up": {"uv": [0, 0], "uv_size": [0.25, 0]},
								"down": {"uv": [0, 0], "uv_size": [0.25, 0]}
							}
						},
						{
							"origin": [1.35, 2.9, 0],
							"size": [1, 2.25, 1],
							"pivot": [1.85, 4.525, 0.5],
							"rotation": [0, 0, 25],
							"uv": {
								"north": {"uv": [10.25, 2.75], "uv_size": [0.25, 0.5]},
								"east": {"uv": [10.75, 1.25], "uv_size": [0.25, 0.5]},
								"south": {"uv": [10.75, 1.75], "uv_size": [0.25, 0.5]},
								"west": {"uv": [10.75, 2.25], "uv_size": [0.25, 0.5]},
								"up": {"uv": [11.5, 9.25], "uv_size": [0.25, 0.25]},
								"down": {"uv": [9.5, 11.75], "uv_size": [0.25, -0.25]}
							}
						},
						{
							"origin": [-3.5, 1.5, -2.25],
							"size": [1.25, 3.75, 5.5],
							"uv": {
								"north": {"uv": [3, 10.25], "uv_size": [-0.25, 1]},
								"east": {"uv": [4.75, 9], "uv_size": [-1, 1]},
								"south": {"uv": [3.25, 10.25], "uv_size": [-0.25, 1]},
								"west": {"uv": [10, 3.25], "uv_size": [-1, 1]},
								"up": {"uv": [3.5, 10.25], "uv_size": [-0.25, 1]},
								"down": {"uv": [3.75, 11.25], "uv_size": [-0.25, -1]}
							}
						},
						{
							"origin": [-4.25, 2.125, -2],
							"size": [0.75, 3.125, 5],
							"uv": {
								"north": {"uv": [8, 10.25], "uv_size": [-0.25, 0.75]},
								"east": {"uv": [8.5, 9.25], "uv_size": [-0.75, 0.75]},
								"south": {"uv": [8.25, 10.25], "uv_size": [-0.25, 0.75]},
								"west": {"uv": [10, 7.5], "uv_size": [-0.75, 0.75]},
								"up": {"uv": [8.5, 10.25], "uv_size": [-0.25, 0.75]},
								"down": {"uv": [8.75, 11], "uv_size": [-0.25, -0.75]}
							}
						},
						{
							"origin": [4, 2.125, -2],
							"size": [0.75, 3.125, 5],
							"uv": {
								"north": {"uv": [7.75, 10.25], "uv_size": [0.25, 0.75]},
								"east": {"uv": [9.25, 7.5], "uv_size": [0.75, 0.75]},
								"south": {"uv": [8, 10.25], "uv_size": [0.25, 0.75]},
								"west": {"uv": [7.75, 9.25], "uv_size": [0.75, 0.75]},
								"up": {"uv": [8.25, 10.25], "uv_size": [0.25, 0.75]},
								"down": {"uv": [8.5, 11], "uv_size": [0.25, -0.75]}
							}
						},
						{
							"origin": [2.75, 1.5, -2.25],
							"size": [1.25, 3.75, 5.5],
							"uv": {
								"north": {"uv": [2.75, 10.25], "uv_size": [0.25, 1]},
								"east": {"uv": [9, 3.25], "uv_size": [1, 1]},
								"south": {"uv": [3, 10.25], "uv_size": [0.25, 1]},
								"west": {"uv": [3.75, 9], "uv_size": [1, 1]},
								"up": {"uv": [3.25, 10.25], "uv_size": [0.25, 1]},
								"down": {"uv": [3.5, 11.25], "uv_size": [0.25, -1]}
							}
						},
						{
							"origin": [-2.25, 1.25, -3],
							"size": [5, 4, 7],
							"uv": {
								"north": {"uv": [8, 7.25], "uv_size": [1.25, 1]},
								"east": {"uv": [8.25, 4.5], "uv_size": [1.25, 1]},
								"south": {"uv": [8, 8.25], "uv_size": [1.25, 1]},
								"west": {"uv": [0, 9], "uv_size": [1.25, 1]},
								"up": {"uv": [8, 0], "uv_size": [1.25, 1.25]},
								"down": {"uv": [8, 7.25], "uv_size": [1.25, -1.25]}
							}
						}
					]
				},
				{
					"name": "tail",
					"parent": "Body",
					"pivot": [0.25, 1.8125, 3.7],
					"cubes": [
						{
							"origin": [-0.25, 1.375, 3.825],
							"size": [1, 0.875, 0.75],
							"pivot": [0.25, 1.8125, 4.2],
							"rotation": [-12.5, 0, 0],
							"uv": {
								"north": {"uv": [0, 6], "uv_size": [0.25, 0.25]},
								"east": {"uv": [0.25, 6], "uv_size": [0.25, 0.25]},
								"south": {"uv": [0.5, 6], "uv_size": [0.25, 0.25]},
								"west": {"uv": [0.75, 6], "uv_size": [0.25, 0.25]},
								"up": {"uv": [1, 6], "uv_size": [0.25, 0.25]},
								"down": {"uv": [1.25, 6.25], "uv_size": [0.25, -0.25]}
							}
						}
					]
				},
				{
					"name": "LeftLeg",
					"parent": "DownBody",
					"pivot": [-0.675, 1.375, 0.575],
					"cubes": [
						{
							"origin": [-1.1, 0, 0.15],
							"size": [0.85, 1.25, 0.85],
							"uv": {
								"north": {"uv": [11.5, 8.5], "uv_size": [0.25, 0.25]},
								"east": {"uv": [8.75, 11.5], "uv_size": [0.25, 0.25]},
								"south": {"uv": [11.5, 8.75], "uv_size": [0.25, 0.25]},
								"west": {"uv": [9, 11.5], "uv_size": [0.25, 0.25]},
								"up": {"uv": [11.5, 9], "uv_size": [0.25, 0.25]},
								"down": {"uv": [9.25, 11.75], "uv_size": [0.25, -0.25]}
							}
						}
					]
				},
				{
					"name": "RightLeg",
					"parent": "DownBody",
					"pivot": [1.175, 1.375, 0.575],
					"cubes": [
						{
							"origin": [0.75, 0, 0.15],
							"size": [0.85, 1.25, 0.85],
							"uv": {
								"north": {"uv": [7.75, 9], "uv_size": [0.25, 0.25]},
								"east": {"uv": [10.75, 10.5], "uv_size": [0.25, 0.25]},
								"south": {"uv": [10.75, 10.75], "uv_size": [0.25, 0.25]},
								"west": {"uv": [11, 1.25], "uv_size": [0.25, 0.25]},
								"up": {"uv": [11, 1.5], "uv_size": [0.25, 0.25]},
								"down": {"uv": [11, 2], "uv_size": [0.25, -0.25]}
							}
						}
					]
				}
			]
		}
	]
}